,Date,Tweet Text,Retweet Count,Favorite Count,Username,User follower count,ID
0,Tue Mar 01 05:30:04 +0000 2022,"#Bitcoin price in US Dollar #BTC $usd #BTCUSD $XBT #xbtusd 
BTC Price Now : 43,215.92$ USD 
Avg Last Hour : 43,282.81$ 
Avg 24 Hours : 40,626.12$ 
24h Change : 13.92% 
24h Low : 37,606.77$ 
24h High : 43,799.45$
More information here https://t.co/PWwAp4BXM0 https://t.co/DqzL6zroNs",0,0,BTCtoCAD,322,1498530991727689732
1,Tue Mar 01 05:30:01 +0000 2022,"Top 10 #Cryptocurrency Live Prices: 
(12:30 AM . Mar 01,2022)

#BTC $43205.18
#ETH $2917.58
#BNB $395.27
#DOGE $0.13
#SHIB $0.0000257025
#AXS $54.58
#MANA $2.80
#UNI $10.38
#GM $0.0000341910
#KISHU $0.0000000016

Comments! Which coins would like to be listed?",0,0,dll_io,768,1498530981178916868
2,Tue Mar 01 05:30:00 +0000 2022,"Key analysis for March 2022 in case you didn't catch my video from Monday! 

üî¥üü¢ You can't afford to miss it üî¥üü¢ 

#Bitcoin #NASDAQ100 #cryptocurrency #BTC https://t.co/Yku0s6HtaO",0,0,Cosasverdes2,4105,1498530974765920257
3,Tue Mar 01 05:30:00 +0000 2022,"I think this is an especially reassuring endeavor, in view of the way that the association has an undeniable strategy of how to make the Very interesting idea, a nice gathering of specialists.
#Orijin #Polygon #IDO #BSC #Eth #BTC #Airdrop #DeFi #Launchpad",0,1,aeyesha_homaira,1586,1498530974308892673
4,Tue Mar 01 05:30:00 +0000 2022,"I wish I bought more at the dip, but never too late to buy more $KTO.
I don't see a better opportunity to get in early than right now.
Beat the #FOMO.

#LBOW #KTO #storkholders #storktroopers #cryptocurrency #Solana #Bitcoin #BTC #ETH https://t.co/HAdKGCmAyH",0,0,raingump,286,1498530974262607873
5,Tue Mar 01 05:30:00 +0000 2022,"Weekly data on #BTC

üü°#BTC fell to a low since January 2022 due to the conflict between Russia and Ukraine

üü°#BTC Average Hash Rate dropped to 188.6 EH/ s üîª8.6%„ÄÇ

Click for more details ‚¨áÔ∏è
https://t.co/XIm8V8iSlF https://t.co/gPQsavAGOV",0,0,OKLink,9239,1498530973905993738
6,Tue Mar 01 05:29:58 +0000 2022,[BTCUSDT - WEEK] #BTC #BTCUSDT #BINANCE #BTCUSD #CRYPTO #BITFINEX #BITCOINGRAPHIC #OKEX #ETH #ETHEREUM #ETHUSDT #CHZUSDT https://t.co/YVpdIz1LM1,0,0,bitcoingraph,769,1498530967094505472
7,Tue Mar 01 05:29:40 +0000 2022,"Most Powerful project awesome This will certainly be a successful project as it has a great team that is more than qualified and focused on making this project a success
#Orijin #Polygon #IDO #BSC #Eth #BTC #Airdrop #DeFi #Launchpad",0,0,Twsabbir600,3913,1498530890628333571
8,Tue Mar 01 05:29:05 +0000 2022,"If 144 million people can move markets in an instant, what happens when mass adoption truly begins? #crypto #defi #BTC #ETH #TRX

Russia has about 144 million people within it's territory (contested and non contested). After sanctions and severe economic restrictions placed ‚Ä¶",0,0,royal11211,76,1498530745945571334
9,Tue Mar 01 05:28:55 +0000 2022,Current #Bitcoin Price is $43202 #BTC #Crypto,0,0,IAmBitcoinBot,705,1498530701225852928
10,Tue Mar 01 05:28:55 +0000 2022,"Now outsiders trade JPG for eth, just as some countries trade casually printed paper for labor.

#NFT #BTC #ETH #NFTCommunity",0,0,CyberverseDAO,2822,1498530700458344451
11,Tue Mar 01 05:28:17 +0000 2022,"Orijin is the No.1 free multi-chain crypto pre-sale and IDO platform. Start investing or launch your pre-sale for free
#Orijin #Polygon #IDO #BSC #Eth #BTC #Airdrop #DeFi #Launchpad",0,0,novie_talita,1614,1498530542446211072
12,Tue Mar 01 05:28:12 +0000 2022,"Bitcoin climbs to $41K and flippens the Russian ruble
#Bitcoin #BTC #cryptocurrency #Russia 

https://t.co/xX8Jv3xjDP",0,0,btccomau,237,1498530523521884160
13,Tue Mar 01 05:28:11 +0000 2022,"Big Pump In Crypto UPDATE 
*
#cryptocurrency #bitcoin #crypto #blockchain #btc #ethereum #forex #money #trading #bitcoinmining #investment #cryptotrading #investing #cryptonews #bitcoins #business #Solana #bitcoinnews #SHIBARAMY #cryptocurrencies #Entrepreneurs #eth #BabyDoge https://t.co/VN3c5qrDKv",0,1,Cryptoc36585811,7,1498530517121368066
14,Tue Mar 01 05:28:08 +0000 2022,"EVERYONE SEEING THIS NEEDS TO TURN ON NOTIFICATIONS!! üîî
#Giveaway #NFT #Crypto
#ONE #ADA #BTC #VET #VRA #SHIBA #LINK #BNB¬†#TEL #FEG #SOL #MTV #ETH #DOGE #NFTs #XLM #MATIC #EGLD #BEPRO #AVAX¬†#DOT #XRP #TERRA #NFTCollection #NFTCommunity",0,0,TheCryptoGifter,1098,1498530507184877570
15,Tue Mar 01 05:28:05 +0000 2022,Like expected! Takeing from the attackers send to ukraine! It will all be transferrled@in #BTc #ETH and #USDT! #crypto is a super strong weapon! https://t.co/V5jDBuaQv5,0,0,CryptoCoin_Inv,830,1498530490818641920
16,Tue Mar 01 05:28:00 +0000 2022,"This amazing faucet from @_bitcoiner is making me tweet this to claim my free Lightning sats. ‚ö°

@boltcoiner unlock me 7a4d94ee-1412-4b19-b9d7-994cc40aafa5

#Bitcoin #BTC #LN #LightningNetwork #boltcoiner
https://t.co/GkFqLNqGfq",0,0,rdtegtrdftht,0,1498530471482822659
17,Tue Mar 01 05:27:57 +0000 2022,"At the point when the issue of openness and simple of utilization is settle, digital currency will appreciate standard reception. PDX is building a great environment that will get this going
#Orijin #Polygon #IDO #BSC #Eth #BTC #Airdrop #DeFi #Launchpad",0,0,aeyesha_homaira,1586,1498530457314795520
18,Tue Mar 01 05:27:41 +0000 2022,"When Octo appears in the Fisho collection, he never goes unnoticed üòÇ
https://t.co/n1AS5pcEjo
#NFTs #crypto #art #3d #Polygon #eth #sol #ada #btc #openseaNFT https://t.co/rGCWyHbw1L",0,1,Metastract,726,1498530393577959424
19,Tue Mar 01 05:27:41 +0000 2022,"$USDTRegister for stormgain using my link and get 3 $usdt
Bitcoin mining and trading made easy. 
https://t.co/puPGJIzUO3

#stormgain #cryptocurrency #btc #bitcoin #bitcoinmining #mining #crypto #mine #mobilemining https://t.co/7s0KxYz4yI",0,1,abaobaoshibush1,0,1498530393288736768
20,Tue Mar 01 05:27:36 +0000 2022,"extremely simplified, #btc https://t.co/GRmchjqont",0,0,JReaper8,53,1498530371331371009
21,Tue Mar 01 05:27:25 +0000 2022,"The $BTC price is at $43,173.77 right now.
üî¥ Compared to the last tweet, the price has dropped by $103.85 (0.24%).
üü¢ In the last 24 hours the price has increased by $5,257.44 (13.87%).

#Bitcoin #BTC https://t.co/lpIWkiCmrj",0,0,Bitcoin8News,4611,1498530326842429441
22,Tue Mar 01 05:27:09 +0000 2022,AS PLAY WELL RUB-CRYPTO-USD #BTC,0,1,mybenexttime,96,1498530259750522881
23,Tue Mar 01 05:26:56 +0000 2022,"Giant into TechMVerse now.
#Crypto #web3 #BTC 

What you all say üáÆüá≥ ?
Metaverse, crypto, Blockchain tech is gambling or future internet ?? https://t.co/sW1OP84qF5",0,1,vaijanath_eth,224,1498530204439891974
24,Tue Mar 01 05:26:53 +0000 2022,"Absolutely lethal!

Check out my latest 3 posts on trading channels. The results are right in front of you.

Today alone I managed to make 18% of my portfolio out of these channels.

That's all for today.
Cheers.

#BTC $BTC https://t.co/ZZqTSEYNVH https://t.co/VEYd9XGEX4",0,0,Zainpewpew,354,1498530192104562689
25,Tue Mar 01 05:26:52 +0000 2022,"I Found a Whistle üí£üí£by @whoisMGMT
#NFTCommunity #NFTGiveaway
#music #photography #nftcollectors
#Japan #Ethereum #artTANK
#CleanNFT #btc #BNB
#indiedev #indie 
https://t.co/6AVIaZAggg",4,4,Musictreez,151,1498530185280319488
26,Tue Mar 01 05:26:51 +0000 2022,"GNüåë 
The two most powerful warriors are patience and time. 
Have you checked out @ShadowQuest_NFT ? ? ? üßê

#NFTs #NFTCommunity #P2E #NFT #NFTGame #opensea #NFTProject #ETH #btc #GameFi #ShadowQuest #art #lore https://t.co/Yn04WVNoP7",0,7,Afro_Ghoul,1733,1498530181362843656
27,Tue Mar 01 05:26:51 +0000 2022,#March started real good! #btc #Bitcoin #cryptocurrency #Crypto https://t.co/lbiZw4fE7Z,0,0,AramMehraban,544,1498530180633018371
28,Tue Mar 01 05:26:49 +0000 2022,Bullish ^^ #cryptocurrency #SaitamaWolfPack #KittyDinger #BTC #solana,0,0,MickaelGonthier,8231,1498530173037207552
29,Tue Mar 01 05:26:42 +0000 2022,"Adjustable Ergonomic Portable Aluminum Laptop Desk
$59.90

 #gaminterritory #gaming #advancedwarfare #geek #safemoon #kingshiba #kingshib #btc #eth

Tag a friend who would love this!

FREE Shipping Worldwide

Get it here ‚Äî‚Äî&gt; https://t.co/KQQ00iOCpA https://t.co/sMw6BePJzr",1,0,gaminterritory,13,1498530146067927041
30,Tue Mar 01 05:26:42 +0000 2022,"Breaking News: @eBay to consider adding #crypto $BTC $ETH payments as of March 10, as well as enabling #NFTs trading! #NFTCollection  #BTC #ETH #cryptonews
üëáüèº üëáüèº üëáüèº 
https://t.co/K8Tvw7SVxT",0,1,Jitsupreneur,243,1498530143605772292
31,Tue Mar 01 05:26:38 +0000 2022,"high value alert üê≥
$22m #BTC was transferred from #39PxrQEhMgDcsvsPhCJ5CBfrXeW9BECxg1 wallet to #bitstamp exchange on February 28th 2022, 11:17:37 pm.",0,0,aarnasays,6,1498530126208049156
32,Tue Mar 01 05:26:31 +0000 2022,"‚úÖ Follow us to grab your monster when it's on sale  ‚ù§Ô∏è and üîÅ
‚úÖ Join our server https://t.co/WVFytDu5sw 
üì¢ Meta Monster #2761 is on sale üëâ https://t.co/E9Yh23Cceo

#nftdrop #btc #nft #cryptocurrencies #NFT #ethereum #nftartist",0,0,MetaMonstersCL,142,1498530100530327554
33,Tue Mar 01 05:26:23 +0000 2022,"The Soullib platform is here to profer high level of human communication
Focusing on people who need a listening ear, it‚Äôs also a forum where daily discussions can take place on a peer-to-peer level.
@soullibofficial
 #SLIB #soulliber #BSC #Matic #ETH #BTC",0,0,novie_talita,1614,1498530065524551680
34,Tue Mar 01 05:26:22 +0000 2022,"#XBT #BTC | #Bitcoin Tops $44,000 in Tentative Comeback as Portfolio Hedge - Bloomberg
*Link: https://t.co/u4lbPjWUz2 https://t.co/qBvNzxHhYA",5,1,UnbreakCrypto,16,1498530062693507073
35,Tue Mar 01 05:26:20 +0000 2022,"While $btc is moving up again. I expect some big moves from $munch too. Fiat to crypto soon!

#BTC #USDT #ETH #DeFi #web3 #cryptocurrency",0,0,JabbyCrypto,16,1498530054128631809
36,Tue Mar 01 05:26:08 +0000 2022,Yes true and $hot #Holochain because when you know you know! #btc üíØ‚úÖüî•üí•üöÄüåñüíµüí≤üí∞üíµü§ëü™ô https://t.co/NJTYieb5UF,0,0,DrCryptoTony,1074,1498530003339948037
37,Tue Mar 01 05:26:05 +0000 2022,"This birdie is ready to fly. The only TA you need. üöÄ‚úàü¶Ö
#BTC #ETH #cryptocurrency #HODL https://t.co/KHnCm9deJ6",0,0,theMcAngryface,35,1498529988093620227
38,Tue Mar 01 05:25:43 +0000 2022,The idea behind this project is amazing and it is certainly a project with a lot of potential and projections ahead. #11MINUTES #BTC #CRYPTO,0,1,veronica_yildiz,1143,1498529898691846147
39,Tue Mar 01 05:25:39 +0000 2022,my account was hacked i don‚Äôt know what to do i need someone to help #crypto #nft #Ethereum #btc #eth #cryptocurrency #cryptotrading,0,0,Pumao3,19,1498529880304148486
40,Tue Mar 01 05:25:29 +0000 2022,"#Bitcoin is pumping! i hope all of us takes profit today! 
#BTC üíØüíØüíØüí∏üí∏üí∏üí∏üöÄüöÄüöÄ",0,3,AsherRiley5,19,1498529837497077761
41,Tue Mar 01 05:25:28 +0000 2022,"Why Bitcoin, Ethereum, and Dogecoin Are Spiking This Morning

#CryptoNews #Bitcoin #BTC $BTC #ETH #Ethereum $ETH $DOGE
https://t.co/pkkhqecRh0",0,1,TheGemHodlers,4217,1498529833248333826
42,Tue Mar 01 05:25:26 +0000 2022,"btc_jpy movie
#Cryptocurrency #‰ªÆÊÉ≥ÈÄöË≤® #BTC https://t.co/LFqHZ7qqBO",0,1,MyBottott,123,1498529827472949250
43,Tue Mar 01 05:25:15 +0000 2022,"$near 
#BTC  #Binance
#avax $TOMO $BNB $TRX $ETH $GALA

BEST DISCORD COMMUNITY JOIN US INSTANTLY. https://t.co/1CoUVkxS11 https://t.co/COjzdUcFL2",0,1,Jhonwic65,220,1498529780026654721
44,Tue Mar 01 05:25:08 +0000 2022,#portfolio #mooning because of #Bitcoin ! Come on lets get the market rallying! #BTC to $50K! https://t.co/Pf1DAjGoLe,0,4,Moonadoki,8,1498529749412552707
45,Tue Mar 01 05:25:02 +0000 2022,"#BTC planning to wake up! Don't feel greedy.
#DYOR #cryptocurrency",0,1,taseentaha,177,1498529726096642049
46,Tue Mar 01 05:25:00 +0000 2022,"Top 10 #Cryptocurrency Live Prices: 
(12:25 AM . Mar 01,2022)

#BTC $43224.99
#ETH $2920.12
#BNB $394.98
#DOGE $0.13
#SHIB $0.0000256873
#AXS $54.56
#MANA $2.80
#UNI $10.39
#GM $0.0000346288
#KISHU $0.0000000017

Comments! Which coins would like to be listed?",0,0,dll_io,768,1498529716407607297
47,Tue Mar 01 05:24:57 +0000 2022,"NEW YOUTUBE VIDEO GUYS PLEASE SHARE ‚ö†Ô∏è‚ö†Ô∏èüëáüèª

#Bitcoin To 1Million Dollars , Elrond To $10,000 | Russia Ukraine Game Theory $EGLD #elrond #BTC #bitcoinnews #BTCs üëáüèª

 https://t.co/c9u3a9BE2w via @YouTube",0,1,seanybitcoins,4370,1498529703858085892
48,Tue Mar 01 05:24:24 +0000 2022,"#Bitcoin is viewed as a safe haven during turbulent times.

$BTC's true intrinsic value is on full display now! It looks strong amidst faltering systems and that's where the real test is!

#RussiaUkraine #Russia #BTC #UkraineRussiaWar #Ukraine https://t.co/CjelGzthEY",0,0,IndraDEX_,1885,1498529565085663233
49,Tue Mar 01 05:24:12 +0000 2022,#Cardano : This Is A Game Changer! (ZADA) - YouTube #ZADA WOW THIS IS AMAZING #btc #eth #bnb #ada #xrp #sol #dogecoin #babydoge #ltc   https://t.co/jyAc1L52ou,1,0,ball82811,3773,1498529517094281217
50,Tue Mar 01 05:24:12 +0000 2022,"The market went up too fast. Everything is way overbought on the key time frames .
#btc and $alts engines need to cool off .
Pull back is healthy .",1,7,CryptoA40672341,21571,1498529513700999168
51,Tue Mar 01 05:24:06 +0000 2022,"Hold2Earn #Hold2EarnArmy #H2E 
#RussiaUkraineConflict #russianinvasion #Ukraine #Binance #BitcoinCash #ETH #SHIB #BNB #CryptoNews #BTC #BUSD #CryptocurrencyNews #NFTCommunity #NFTGiveaway #CryptoZiad https://t.co/jli3Y2VYMc",0,0,ak_dhilshad,2,1498529488497360900
52,Tue Mar 01 05:24:06 +0000 2022,"A fast, reliable, and hassle-free network
$SYS is now on #LBank
@ulfathussain @WaqaraliAEO @hassanbutt313

#Giveaways #BTC #ETH https://t.co/nPuqUuwkcF",0,2,alibuttsb,287,1498529488442990592
53,Tue Mar 01 05:23:49 +0000 2022,"#Intel  ASIC Bitcoin Miner Will Cost Half, Be 15% More Effective Than Most S19s . 
#cryptocurrency #CryptoNews #miners #BTC #Bitcoin https://t.co/KYn5WjydOm",1,0,ahmad_manasrah1,1007,1498529419664756738
54,Tue Mar 01 05:23:41 +0000 2022,"NEVER GIVE YOUR WALLET PASS PHRASE TO ANYONE, NOBODY SHOULD BE ASKING FOR THIS INFORMATION!!!

NOT ME OR ANYONE FROM @ETHFanToken team will ask!!!
@ETHFanToken
@DelCrxpto $EFT
#ETHFANTOKEN
#ETHFANECOSYSTEM
#EFTBURN
#EFTFAM
#crypto
#binance
#Bitstamp
#BTC
#BNB 
#ETH 
#BSC",0,4,crypto_hass,635,1498529385921626119
55,Tue Mar 01 05:23:37 +0000 2022,"Get The Worlds üåé Best #CBD brands!! More Than 30 Brands To Choose From!! #1cbd #cbdworldonline #cbdoil
#cbdedibles #cannabisculture
#healthylifestyle #workout #news #Breaking #cryptocurrency #CryptoTax #NFT #ETH #BTC #stressmanagement #anxiety #calming
https://t.co/WFxpU5CCYy",2,3,CBD_Support,54350,1498529369169485829
56,Tue Mar 01 05:23:36 +0000 2022,"This amazing faucet from @_bitcoiner is making me tweet this to claim my free Lightning sats. ‚ö°

@boltcoiner unlock me 94a05706-3022-4bee-9267-7c682f44f7c0

#Bitcoin #BTC #LN #LightningNetwork #boltcoiner
https://t.co/MSQuVZQlT2",0,0,Piwny,170,1498529366095106051
57,Tue Mar 01 05:23:36 +0000 2022,Is this really happening? So hard to know if this is truly breaking out or if it‚Äôs going to tank tomorrow. Times are so crazy I don‚Äôt know what to believe #btc #ETH #NFTCommunity #cryptocommunity https://t.co/rSkKuRFdkx,0,2,jcat7247,23,1498529364660482048
58,Tue Mar 01 05:22:59 +0000 2022,"Please donate your Bitcoin‚ÄºÔ∏éPlease‚ÄºÔ∏éü•∫

1GBmd19m1beHYWk6n845sHHFkMTn4wxrpu

#BTC¬†¬†¬†¬†¬†¬†¬†¬†¬†¬†¬†¬†¬†¬†¬†¬†¬†¬†¬†¬†¬†¬†¬†¬†¬†¬†¬†¬†¬†¬†¬†¬†¬†¬†¬†¬†¬†¬†¬†¬†¬†¬†¬†¬†¬†¬†#Bitcoin¬†¬†¬†¬†¬†¬†¬†¬†¬†¬†¬†¬†¬†¬†¬†¬†¬†¬†¬†¬†¬†¬†¬†¬†¬†¬†¬†¬†¬†¬†¬†¬†¬†¬†¬†¬†¬†¬†¬†¬†#Ukraine¬†¬†¬†¬†
#Crypto
#Tips",0,0,Jlmiy8I3zKaxz2k,14,1498529208351408128
59,Tue Mar 01 05:22:47 +0000 2022,"üì¢What Can Stop BTC After Breaking Out Big Channel And Inverse H &amp; S | Bigcoin Price Prediction 2022

üìã Curated post from Publish0x
üíé Read or write articles and get üí∞ #crypto #referral #earn #btc
https://t.co/61CPjU6pGz",0,0,bruindesimon,502,1498529157667557376
60,Tue Mar 01 05:22:45 +0000 2022,"If you think it's cute at all, 
I'd love it if you'd follow me!
 Look at the other GEGE!
#NFTs #NFT #NFTartist #nftart #NFTCollection #nft #ETH #Etherum #BTC #PolygonNFT #MetaverseNFT #Metamask #Coincheck 
https://t.co/HAaPOkcP4f @opensea„Çà„Çä",0,1,lonelyfishes02,3,1498529151279841286
61,Tue Mar 01 05:22:40 +0000 2022,"The Handshake üí£üí£ by @whoisMGMT üññ
#NFTCommunity #NFTGiveaway
#music #photography #nftcollectors
#Japan #Ethereum #artTANK
#CleanNFT #btc #BNB
#indiedev #indie 

https://t.co/DYb1MOqRQo",2,3,Musictreez,151,1498529128584138756
62,Tue Mar 01 05:22:25 +0000 2022,"Individual Analysis: Cronos (CRO) (~$2 to ~$8 within 2022!?) #BTC #Bitcoin #CRO #cryptocurrency #CryptoNews 

https://t.co/cyfuR62Owp",0,0,Aeonuus,12,1498529066470842369
63,Tue Mar 01 05:22:03 +0000 2022,"$HTR is scam project.
Becareful guys 
#btc #Bitcoin https://t.co/8L5GQZoxfM",0,0,Emperor5500,224,1498528976364621824
64,Tue Mar 01 05:22:02 +0000 2022,"The latest #bitcoin block 725389 with 1009 transactions was just mined by https://t.co/B69DPLQMoA
Total Fees:0.03630039
Block Subsidy:6.25
#Bitcoin #BTC #blockchain #analysis",0,1,CmoBitcoin,310,1498528971759435780
65,Tue Mar 01 05:21:59 +0000 2022,"#Bitcoin supply audit!
Total #Bitcoins mined till date: 18970981.29247566
Total Supply: 20,999,999.9769
#Bitcoin supply remaining:2029018.6844243407
Percentage in circulation:90.3380%
#Bitcoin #BTC #blockchain #mining #analysis",1,0,CmoBitcoin,310,1498528956315799552
66,Tue Mar 01 05:21:58 +0000 2022,"In a few decades when the reward gets too small, the transaction fee will become the main compensation for nodes.
 ~Satoshi
 #Bitcoin #BTC #quote",0,0,CmoBitcoin,310,1498528954503864321
67,Tue Mar 01 05:21:51 +0000 2022,"LEGIT!!! Mining Crypto free, no deposit, succes wd to your wallet
https://t.co/Mq1pPEY846

#mining #miningfree #miningcrypto
#cryptocurrency #LTC #BTC #dogecoin #Freecryptocurrency #freeCrypto https://t.co/JP6pg5YHnl",0,1,zfmei_,120,1498528924690571264
68,Tue Mar 01 05:21:49 +0000 2022,"THIS WILL BE A TREND CHANGING MOVE FROM BITCOIN !!!!
üëâüèºhttps://t.co/Pw3Af3R2Nx

Tune in, &amp; enjoy!

#bitcoin #btc #bitcointrading #bitcoinprice #cryptotrading #cryptocurrency https://t.co/5HeQaNRGh8",0,0,MylaRusty,350,1498528913869668352
69,Tue Mar 01 05:21:42 +0000 2022,"Come in and join us 

#Ukraine #TRX #TRON #BTC #Russians #China #cryptocurrency #nft #cryptotrading 
 https://t.co/OBzJxqABUZ",0,5,ItsWolfieMF,1241,1498528887067668482
70,Tue Mar 01 05:21:42 +0000 2022,"Dropping some fresh and new Starry Fish NFTs super soon!!ü§©
Stay tuned!

#NFTs #NFT #NFTCommunity #NFTartist #NFTdrop #NFTCollection #nftcollector #Metaverse #MetaverseNFT #opensea #OpenSeaNFT #rarible #ETH #Ethereum #BTC #Polygon #Blockchain",0,1,Starryfishnfts,306,1498528884924743680
71,Tue Mar 01 05:21:40 +0000 2022,"#BTC Derivs Sheet (Tweet every 15 min.)
CME Delayed (10 min)
GS Delayed (15 min) and OI = SHARES OUT https://t.co/hEuExHXp40",0,2,btc_status,39314,1498528878695890945
72,Tue Mar 01 05:21:37 +0000 2022,You can do Cloud Mining using this site https://t.co/DHQQ3d5eGe                            #mining #trxmining #money #earnmoney #register #bitcoin #ethereum #btc #eth #tronvex 6855,0,0,ANGELUSdeEvil,31,1498528863353200640
73,Tue Mar 01 05:21:23 +0000 2022,"Thank you @editions_NFT for sorting out my Airdrop blunder,
For everyone who has no idea about @editions_NFT or the xrpl tokens @XummWallet  go do some research and start investing in #xrp and @editions_NFT tokens, great investment
@coinkit_ com 5 20 #BTC @editions_NFT",6,2,MaraisGhasan,69,1498528808068161538
74,Tue Mar 01 05:21:22 +0000 2022,#BTC is now at $43241.84,0,1,getbitcoinprice,198,1498528801399185408
75,Tue Mar 01 05:21:08 +0000 2022,"Good Morning #Crypto Nation

#Bitcoin overbought on 1h chart after a strong run.

A correction to FIB 50% at $39.341 very likely.
Maybe a further correction to FIB golden pocket in play ($37.865 - $38.173).

Don't expect more #BTC downside pressure - of course depending on news!! https://t.co/iPapHzCDar",0,2,steko170981,784,1498528744545394692
76,Tue Mar 01 05:21:05 +0000 2022,"After keep increasing in electricity tariffs now prime minister Imran Khan decided to decrease PKR 5 in electricity tariffs

#pakistaneconomy #latestnews #forex #btc https://t.co/AIRa6Ji3ou",0,1,topforexranking,13,1498528731060703233
77,Tue Mar 01 05:20:58 +0000 2022,"‚úÖ Follow us to grab your monster when it's on sale  ‚ù§Ô∏è and üîÅ
‚úÖ Join our server https://t.co/WVFytDu5sw 
üì¢ Meta Monster #4578 is on sale üëâ https://t.co/8hMfFrURYX

#nftgiveaway #nftcollectors #nftart #nftdrop #nftcollectibles #btc #bitcoin #nftmagazine",1,0,MetaMonstersCL,142,1498528700161314816
78,Tue Mar 01 05:20:56 +0000 2022,"20 Lacs tonnes of Wheat to be imported from Russia. Upcoming Future Gas to be imported from Russia.

#pakistaneconomy #latestnews #forex #btc https://t.co/UeiJRafx99",0,1,topforexranking,13,1498528691462287368
79,Tue Mar 01 05:20:53 +0000 2022,"- THE BLACK CYBER PUNK -
just a small glimpse into the expanse that is coming ü§Ø

#nft #nftgiveaway #NFTCommunity #btc #bscgem #presale #eth #solana https://t.co/M4Iz2WdivO",0,4,realheroesnft,1978,1498528679298748423
80,Tue Mar 01 05:20:49 +0000 2022,What a come back from #Bitcoin   on monthly closing. Potential double bottom on weekly closing and inverse H&amp;S finally played out against the odds. Let it consolidate and cool down here confirming the trend reversal. 46k #BTC seems inevitable now. Lets go Bulls üöÄüöÄüöÄ https://t.co/DCkieo5Rwe,0,3,haris_rasheed,144,1498528663574388737
81,Tue Mar 01 05:20:43 +0000 2022,"Petroleum prices goes down from Rs 160 to Rs150. Prime Minister announces to reduce the petroleum prices by Rs 10.

#pakistaneconomy #latestnews #forex #btc https://t.co/LkrGGva3hY",0,1,topforexranking,13,1498528638765088768
82,Tue Mar 01 05:20:40 +0000 2022,"Good Morning!
War is bad, we have too many wars on this planet. A lot of people here on Twitter use it as clickbait, it's disgusting. I block every account that exploits this situation to generate clicks and followers. It is important to remain factual.
#VeFam #BTC $VET $VTHO",0,2,BrookTheOne,1959,1498528625980854274
83,Tue Mar 01 05:20:33 +0000 2022,Current #Bitcoin Price is $43240 #BTC #Crypto,0,1,IAmBitcoinBot,705,1498528598629634048
84,Tue Mar 01 05:20:33 +0000 2022,"I am claiming my free Lightning sats from @_bitcoiner's amazing faucet! ‚ö°

@boltcoiner unlock me 58075fc4-d04b-4a2b-a650-6cd222398825

#Bitcoin #BTC #LN #LightningNetwork #boltcoiner
https://t.co/j0SzSnbZD3",0,0,aslam570,216,1498528597794951168
85,Tue Mar 01 05:20:30 +0000 2022,"Football governing body FIFA on Monday decided to expel Russia from the upcoming FIFA world cup 2022

#pakistaneconomy #latestnews #forex #btc https://t.co/rxQ04XnUoF",0,1,topforexranking,13,1498528583375065088
86,Tue Mar 01 05:20:28 +0000 2022,"It‚Äôs hard to be a legend #Bitcoin , where did i buy #Btc https://t.co/OKDIx0Tzfy",4,6,Toftof04284533,53,1498528577012346884
87,Tue Mar 01 05:20:24 +0000 2022,"The $THC from @ThetanArena is now at $0.01583 
üìà Is up 0.215% compare to 1 hour ago
üìà and is up 6.713% compare to 1 week ago
 #BTC #ETH #SLP #THC",0,1,GamesCoinsPrice,146,1498528558460936195
88,Tue Mar 01 05:20:20 +0000 2022,"#11Minutes
We will make sure that every player earns with every NFT they have and always get their initial investment back..
@11MinutesNFT https://t.co/89vxf7eYQf
#11MINUTES #BTC #CRYPTO",0,1,Anjey561,1231,1498528541218156544
89,Tue Mar 01 05:20:19 +0000 2022,"#USA  asks #Crypto exchanges to comply with #Russian  sanctions . 
#RussiaUkraine #Ukriane #UkraineWar #cryptocurrency #CryptoNews #BTC #Bitcoin https://t.co/R4BiXvQj8b",0,0,ahmad_manasrah1,1007,1498528537887784960
90,Tue Mar 01 05:20:17 +0000 2022,Love it! @Para_Holdings @LeeTolleson @0uttaBubblegum @JakeGagain @XtremeCouture #Btc #Bitcoin #Ethereum #ETH #altcoins #NFTs #NFT #Metaverse #altcoinseason #ParaToken #Paratroopers #paraTrooperArmy #Next100XGEMS #Next1000XGemes https://t.co/Ss56Msudxg,0,0,fb66ok2bme,114,1498528528278691843
91,Tue Mar 01 05:20:10 +0000 2022,I believe this project will work and succeed because this project is with a great team that always provide creative ideas and those ideas make this project unique. #11MINUTES #BTC #CRYPTO,0,1,QueenErica90,1072,1498528500382572546
92,Tue Mar 01 05:20:00 +0000 2022,"Top 10 #Cryptocurrency Live Prices: 
(12:20 AM . Mar 01,2022)

#BTC $43257.05
#ETH $2921.50
#BNB $395.93
#DOGE $0.13
#SHIB $0.0000257878
#AXS $54.50
#MANA $2.81
#UNI $10.41
#GM $0.0000346137
#KISHU $0.0000000016

Comments! Which coins would like to be listed?",0,0,dll_io,768,1498528457621483522
93,Tue Mar 01 05:19:50 +0000 2022,"$EPS
An unusual limit order (sell) added to the order book has been detected.
2022-03-01 5:19AM | $EPS @ 0.00003 BTC | Qty: 102,647.5 | Value: 3.08 BTC | 635% away from the current price!
#EPS #BTC #cryptocurrency #Crypto",0,1,AriumCrypto,4138,1498528415162540034
94,Tue Mar 01 05:19:44 +0000 2022,Bitcoin up to $ 43k range. +13.7% change in 24h.üî•  #bitcoin #btc,0,1,btc_thousands,53,1498528390126751747
95,Tue Mar 01 05:19:42 +0000 2022,"Yesterday while addressing to the nation Prime Minister Imran Khan announces to decrease Rs 5 in electricity tariff

#pakistaneconomy #latestnews #forex #btc https://t.co/7elMBFbAN7",0,1,pakforexbrokers,12,1498528382128119810
96,Tue Mar 01 05:19:39 +0000 2022,1/4 Russia had to know sanctions were coming - so they started accumulating #Bitcoin¬†. #Russia then demands everyone to buy resources with #btc¬†. Bitcoin rapidly approaches a new floor of 100k. #USA realizes what‚Äôs up and bans #cryptocurrency - only really shooting themselves ‚Ä¶,0,1,BlkChnChristy,44,1498528371868901377
97,Tue Mar 01 05:19:38 +0000 2022,"üì£ #Ukraine's Government Raises #Crypto Worth $8 Million in #Crowdfunding Appeal

üëâ #Ukraine's government has raised approx. $8M in crypts after posting appeals on social media for donations of #BTC and other #digitaltokens.

#GokuMarket https://t.co/xKnuttPLo7",0,2,GokuMarket,32248,1498528366017740801
98,Tue Mar 01 05:19:33 +0000 2022,"After facing huge Gas crisis from last few months. Now Gas to be imported in near future from Russia. 

#pakistaneconomy #latestnews #forex #btc https://t.co/NSTjBJAAyV",0,1,pakforexbrokers,12,1498528344132005890
99,Tue Mar 01 05:19:27 +0000 2022,"#VOLTARMY‚Ä¶
‚ö°Ô∏èDeflationary
‚ö°Ô∏èCommunity Driven
‚ö°Ô∏èTeam loves to burn üî• 
‚ö°Ô∏è6 CEXs üöÄ21K+ holders
‚ö°Ô∏èP2E will promote other coins, we #Volt together!
‚ö°Ô∏è #Ethereum &amp; #BSC 
‚ö°Ô∏èPress: @YahooFinance @Nasdaq @business +more!
‚ö°Ô∏è@VoltInuOfficial 
#DeFi #1000xgem #BTC¬†¬†¬†#VOLTOSHI #VOLTINU",3,3,Joshuaharriman,671,1498528320325140480
100,Tue Mar 01 05:19:19 +0000 2022,"The market recovering for another crash.! 

#BTC #cryptocurrency #Binance #Ethereum #NFTs #NFT",0,0,NFT_Creator01,3100,1498528288091918340
101,Tue Mar 01 05:19:16 +0000 2022,"Pakistan's Prime Minister during his address to the nation announces to slash petroleum prices by  Rs10/litre with immediate effect

#pakistaneconomy #latestnews #forex #btc https://t.co/mHnNj2Y6ya",0,1,pakforexbrokers,12,1498528273004994560
102,Tue Mar 01 05:19:03 +0000 2022,"Russia's clubs and their National teams has been banned from taking part in football in competition by FIFA and UEFA until further notice

#pakistaneconomy #latestnews #forex #btc https://t.co/Nql5yZ709S",0,1,pakforexbrokers,12,1498528218797821952
103,Tue Mar 01 05:18:59 +0000 2022,"üö®üö® CRYPTO NEWS ALERT! üö®üö®

South African exchange raises $50M in Africa‚Äôs largest funding round

https://t.co/OlvRuKhJ4G

#Africa #VALR #Crypto #BTC #ETH #DOGE",0,1,CryptoNews_21,40040,1498528201219493888
104,Tue Mar 01 05:18:47 +0000 2022,"Will the Intel ASIC disrupt the Bitcoin mining game? If Tom‚Äôs Hardware numbers are correct, the answer is an unequivocally yes. ‚ÄúThe company‚Äôs mining hardware could have the best price-to-performance ratio on the market,‚Äù says Tom.  #Bitcoin #btc

https://t.co/6MksdkeR8t https://t.co/UlA0G8e0rU",0,1,tokenandcrypto,157,1498528151030353922
105,Tue Mar 01 05:18:44 +0000 2022,Cardano: This Is A Game Changer! (ZADA) - YouTube #ZADA wow #nft #btc #eth #ada #bnb  https://t.co/jyAc1L52ou,1,0,ball82811,3773,1498528139324055554
106,Tue Mar 01 05:18:32 +0000 2022,"Is 1000 Bitcoins ,
 sufficient for retirement ..!!??
Road to #1000btc #BTC

ü§ò",1,2,Dozi_star_,1402,1498528091416973315
107,Tue Mar 01 05:18:26 +0000 2022,"#Orijin #Polygon #IDO #BSC #Eth #BTC #Airdrop #DeFi #Launchpad
This is a successful project that has not left me without attention, I believe that the company is the best offer on the market. https://t.co/WbTQ9RA9Ee",0,2,Joy09751931,15986,1498528065026097155
108,Tue Mar 01 05:18:24 +0000 2022,"Drive Me Crazy üí£üí£üòµ by @orvillepeck
#NFTCommunity #NFTGiveaway
#music #photography #nftcollectors
#Japan #Ethereum #artTANK
#CleanNFT #btc #BNB
#indiedev #indie 
https://t.co/K7L7oqtKLq",0,3,Musictreez,151,1498528056658776065
109,Tue Mar 01 05:18:23 +0000 2022,"Prime Minister Imran Khan announces to decrease PKR 5 in electricity tariff

#pakistaneconomy #latestnews #forex #btc https://t.co/BYy02N4p1m",0,1,forexnews_pk,18,1498528053055700992
110,Tue Mar 01 05:18:10 +0000 2022,"Global market cap for Crypto is 1.997trillion 

Road to 2Trillion #bullish #BTC #ADA #ETH",0,2,yourcryptovoic,203,1498527996914798596
111,Tue Mar 01 05:18:05 +0000 2022,"Downloading vs. Streaming | Can Watching Streamed Videos Be Illegal?
https://t.co/nkkwVsfgGh
#100DaysOfCode #Python #CyberSercurity #BTC #Bitcoin #AI #ArtificialIntelligence #cryptocurrency #NFTs #NFTArt #Blockchain #DLT #Web3 #DataProtection #RugPull #HongKong #COVID #healthcare",8,2,Joshua68805118,211,1498527975733874689
112,Tue Mar 01 05:18:02 +0000 2022,"$BGB hits its all time high üöÄüò≥

@bitgetglobal  hits the second largest Open Interest volume last week,  peaked its futures 24h trading volume at 8,5b!üéâüéâ

Dont wait and watch üòí

Signup and trade nowüí∞

https://t.co/2K03krOvy6
#BGB #BITGET #CRYPTO #BTC #100X #HIDDENGEM https://t.co/LrZxY9q7UH https://t.co/ZTe0K9BOOK",0,0,Shankar37902868,0,1498527965717557251
113,Tue Mar 01 05:17:51 +0000 2022,"This amazing faucet from @_bitcoiner is making me tweet this to claim my free Lightning sats. ‚ö°

@boltcoiner unlock me ed6e6dc3-660e-458d-8522-b6d31d2c2f64

#Bitcoin #BTC #LN #LightningNetwork #boltcoiner
https://t.co/jMGRm0a9MD",0,0,kgonpachiro69,3,1498527916061499393
114,Tue Mar 01 05:17:45 +0000 2022,"[Scan results - #Gateio - 15m]

Top 5 bullish trend on #BTC pair
1: $WAVES
2: $VRA
3: $NSBT
4: $TARA
5: $RENBTC

Top 5 bullish trend on #USDT pair
1: $CHR
2: $OCEAN
3: $DAO
4: $BEPRO
5: $ARRR

All #Gateio results: https://t.co/MZdL0PuAQU
Not buy signals",0,2,DYORCryptoBot,95846,1498527893454041089
115,Tue Mar 01 05:17:42 +0000 2022,"[Scan results - #KuCoin - 15m]

Top 5 bullish trend on #BTC pair
1: $NEO
2: $VRA
3: $WAVES
4: $KDA
5: $WEST

Top 5 bullish trend on #USDT pair
1: $CRO
2: $OCEAN
3: $GALAX
4: $DAO
5: $CHR

All #KuCoin results: https://t.co/3p6BeG9Ncd
Not buy signals",0,1,DYORCryptoBot,95846,1498527878794854407
116,Tue Mar 01 05:17:38 +0000 2022,Cardano: This Is A Game Changer! (ZADA) - YouTube #ZADA IS A MUST WATCH #btc #eth #ada #bnb #sol #elonmusk #doge  https://t.co/jyAc1KNqZU,1,0,ball82811,3773,1498527862365691904
117,Tue Mar 01 05:17:36 +0000 2022,"Breaking : 2000000 tonnes of wheat to be imported from Russia. Gas to be importes in the near Future.

#pakistaneconomy #latestnews #forex #btc https://t.co/Z4p91uUCyO",0,1,forexnews_pk,18,1498527854405029888
118,Tue Mar 01 05:17:36 +0000 2022,"#11MINUTES #BTC #CRYPTO
The best team member for the success of the project. I really like the forces with which the team is going to implement the plans. The team selects the best tools for the work. he is an excellent project for the future.  Success in the future",0,4,Siddiq17606642,3959,1498527853641887745
119,Tue Mar 01 05:17:35 +0000 2022,"$BGB hits its all time high üöÄüò≥

@bitgetglobal  hits the second largest Open Interest volume last week,  peaked its futures 24h trading volume at 8,5b!üéâüéâ

Dont wait and watch üòí

Signup and trade nowüí∞

https://t.co/2K03krOvy6
#BGB #BITGET #CRYPTO #BTC #100X #HIDDENGEM https://t.co/PsRcGa5dQw https://t.co/Vb8D1EJcKp",0,0,Shankar37902868,0,1498527849501761536
120,Tue Mar 01 05:17:28 +0000 2022,"$BTC is back to 43k. Is it safe to be bullish again? üëÄ

#btc #Bullish #crypto https://t.co/um9AbKy7tX",0,2,Memofrogwell,312,1498527822494990341
121,Tue Mar 01 05:17:26 +0000 2022,"Prime Minister Imran Khan announces to reduce petroleum prices by PKR 10 despite regulator asking to raise the price

#pakistaneconomy #latestnews #forex #btc https://t.co/eMS8xR0YNd",0,1,forexnews_pk,18,1498527810972966913
122,Tue Mar 01 05:17:22 +0000 2022,"I am claiming my free Lightning sats from @_bitcoiner's amazing faucet! ‚ö°

@boltcoiner unlock me b84d9ae1-bffb-4dc5-bbc6-b7c38b29d272

#Bitcoin #BTC #LN #LightningNetwork #boltcoiner
https://t.co/Jwh50y0tc0",0,1,Hedan555,29,1498527797639360514
123,Tue Mar 01 05:17:14 +0000 2022,"This amazing faucet from @_bitcoiner is making me tweet this to claim my free Lightning sats. ‚ö°

@boltcoiner unlock me 6e70b034-c6cf-482f-b052-e5197895e89b

#Bitcoin #BTC #LN #LightningNetwork #boltcoiner
https://t.co/kaAf5rPP0w",0,0,inversor_101,1,1498527760737779713
124,Tue Mar 01 05:17:13 +0000 2022,"Breaking : Russia expelled from World Cup following Ukraine situation

#pakistaneconomy #latestnews #forex #btc https://t.co/7Fvgtk2P28",0,1,forexnews_pk,18,1498527759458607104
125,Tue Mar 01 05:17:13 +0000 2022,"[Scan results - #Binance - 15m]

Top 5 bullish trend on #BTC pair
1: $UMA
2: $WAVES
3: $NEO
4: $API3
5: $KNC

Top 5 bullish trend on #USDT pair
1: $FUN
2: $CHR
3: $NEO
4: $LIT
5: $RLC

All #Binance results: https://t.co/NE27I4BsNN
Not buy signals",0,1,DYORCryptoBot,95846,1498527759404052480
126,Tue Mar 01 05:17:07 +0000 2022,"Keep calm. We are coming soon. #PIT #Pitbulltoken @BscPitbull ,üî•üî•üî•üöÄüöÄüöÄ. #btc #ETH #XRP #AVAX #trx #RACA #BabyDogeCoin #hamster #Holo #ANKR #Ceek https://t.co/6V9LfYPsrr",0,2,pitbulholders,707,1498527734565421057
127,Tue Mar 01 05:17:03 +0000 2022,"$BGB hits its all time high üöÄüò≥

@bitgetglobal  hits the second largest Open Interest volume last week,  peaked its futures 24h trading volume at 8,5b!üéâüéâ

Dont wait and watch üòí

Signup and trade nowüí∞

https://t.co/2K03krOvy6
#BGB #BITGET #CRYPTO #BTC #100X #HIDDENGEM https://t.co/WMFw4QaOMe https://t.co/o4aWx7QtXQ",0,0,Shankar37902868,0,1498527715321782273
128,Tue Mar 01 05:16:58 +0000 2022,Who's ready for volt to fly???üöÄüöÄüöÄüöÄüöÄüöÄüöÄüöÄüöÄüöÄüöÄ‚ù§Ô∏è‚ù§Ô∏è‚ù§Ô∏è‚ù§Ô∏è‚ù§Ô∏è I feel bad if your not in! @Yourpop8 @henokcrypto #btc #altcoins #ALTSEASON #1000xgem #altcoin #crofam #BabyDogeCoin #SHIBARAMY #dogecoin https://t.co/PQWkllpGd8,0,0,Jason27191643,236,1498527696967643139
129,Tue Mar 01 05:16:53 +0000 2022,You can do Cloud Mining using this site https://t.co/5LnNGGq5F9                            #mining #trxmining #money #earnmoney #register #bitcoin #ethereum #btc #eth #tronvex 8110,0,0,ANGELUSdeEvil,31,1498527673953439745
130,Tue Mar 01 05:16:41 +0000 2022,"Yeni Haber CoinNews:
Ebay could accept Bitcoin this Month, CEO reveals ‚Äì Will it unleash the Bull? [https://t.co/Nr74todgtK] +3, -1 (2 hours ago)
#btc #etc #koin #kripto #crypto",0,1,sosyalilgi,113,1498527623802236933
131,Tue Mar 01 05:16:31 +0000 2022,How Analysts Expect Crypto Sports Sponsorship Spend To Reach $5B In Less Than Five Years https://t.co/0Cmww55IKB #cryptocurrency #CryptoNews #BTC,0,1,ahmad_manasrah1,1007,1498527580416262146
132,Tue Mar 01 05:16:30 +0000 2022,"1 Bitcoin ( #BTC )
Dollar: 43,233.52$ 

1 Bitcoin Cash ( #BCH )
Dollar: 3,30.54$ 

1 Ethereum ( #ETH )
Dollar: 2,923.54$ 

1 Ripple ( #XRP )
Dollar: 0.77484$ 

Date: 1 Mar 2022 5:16

#Bitcoin #Ethereum #cryptocurrency #crypto #altcoin #Blockchain #Ripple",0,1,coinpricenow,5752,1498527578784731137
133,Tue Mar 01 05:16:23 +0000 2022,We are in disbelief #btc https://t.co/G1f9K82hTb,0,0,ZeHeslo,34,1498527548589985803
134,Tue Mar 01 05:16:02 +0000 2022,"The latest #bitcoin block 725388 with 1663 transactions was just mined by Foundry USA
Total Fees:0.04969814
Block Subsidy:6.25
#Bitcoin #BTC #blockchain #analysis",0,0,CmoBitcoin,310,1498527461801406468
135,Tue Mar 01 05:16:01 +0000 2022,"#btc 4 hour overbought.
Below analysis will happen but will take time.
Screenshot this to test my accuracy lol . https://t.co/9zZBSybCL6",2,11,CryptoA40672341,21571,1498527457229611009
136,Tue Mar 01 05:15:42 +0000 2022,"South African exchange raises $50M in Africa‚Äôs largest funding round
#BTC #CRYPTONEWS #NFT
https://t.co/M4xRjweGQl",0,1,thinkmoonio,231,1498527378254954496
137,Tue Mar 01 05:15:42 +0000 2022,"A Project Called Fries DAO Raises $5.4 Million to Purchase Fast-Food Restaurants
#BTC #CRYPTONEWS #NFT #A #DAO
https://t.co/5FVtgzUkq4",0,1,thinkmoonio,231,1498527378225569795
138,Tue Mar 01 05:15:33 +0000 2022,Current #Bitcoin Price is $43268 #BTC #Crypto,0,1,IAmBitcoinBot,705,1498527337737977861
139,Tue Mar 01 05:15:30 +0000 2022,"OCULUS PRISON META BRIDGE - Quality Projects are üîë 

#NFT #NFTs #NFTCollection #NFTCommunity #DAO #DAOs #NFTdrop #newnftproject #NewNFT #UPCOMINGNFT #ETH #BTC https://t.co/MFoZkmqZNP",0,0,PrisonerYC,196,1498527326555967489
140,Tue Mar 01 05:15:22 +0000 2022,"#btc 4 hour analysis:
‚úÖ 4 hour is overbought 
‚úÖ4 hour stochastic at 100 and price is outside of the upper Bollinger bands .
What to expect ?
‚úÖ4 hr stochastic will go to zero and price will test $39.6k and could wick down to $38.5k.
Will take time .
Screenshot this. https://t.co/nj7bjVYRS6 https://t.co/hGy5wfTS3U",1,7,CryptoA40672341,21571,1498527291860787202
141,Tue Mar 01 05:15:18 +0000 2022,"Wishing you a very very Happy Mahashivratri all of you guise.
#Bitcoin 
#BTC 
#ETH 
#SaitamaInu 
#SaitamaMask https://t.co/g1mtmjKxjw",0,3,patil21318,1508,1498527276706983937
142,Tue Mar 01 05:15:10 +0000 2022,1 BTC Price: Bitstamp 43309.58 USD #BTC #Bitcoin 2022-03-01 00:15 https://t.co/cu2C6iX7bB,0,0,coinok,10318,1498527243189903360
143,Tue Mar 01 05:15:08 +0000 2022,"Bitcoin broke the key $40,000 resistance zone against the US Dollar. BTC is up over 12% and might continue to rise above the $43,000 level.
Bitcoin surged above a few key hurdles near the $40,000 resistance zone.  #Bitcoin #btc #cryptocurrency #ETH https://t.co/6VSr41f5RD",0,6,birdstaking,45,1498527233039912965
144,Tue Mar 01 05:15:02 +0000 2022,"#btc long btc if &gt;40400, will see if reach 46700!",0,1,TheKeithAlice,1971,1498527210483122180
145,Tue Mar 01 05:15:01 +0000 2022,"Top secret Julian Assange and Pak NFT collaboration is wikileaked
#eth #ELON #btc #trading
https://t.co/WO7ZRmECp8",0,0,MilaPlayporn,8713,1498527204245917697
146,Tue Mar 01 05:15:00 +0000 2022,"Top 10 #Cryptocurrency Live Prices: 
(12:15 AM . Mar 01,2022)

#BTC $43261.19
#ETH $2923.27
#BNB $396.16
#DOGE $0.13
#SHIB $0.0000258245
#AXS $54.49
#MANA $2.81
#UNI $10.43
#GM $0.0000345251
#KISHU $0.0000000016

Comments! Which coins would like to be listed?",0,0,dll_io,768,1498527198956994563
147,Tue Mar 01 05:14:59 +0000 2022,"On Monday, Sven Henrich, Northmantrader's founder and lead market strategist discussed #bitcoin ‚Äúrallying in the face of this crisis.‚Äù 

TOPIC: #crypto #cryptocurrency #SvenHenrich #BTC #ukrainecrisis #Altsome https://t.co/V5hilpVR7x",0,0,AltsomeOfficial,1100,1498527194079182849
148,Tue Mar 01 05:14:46 +0000 2022,"Dead of Night üí£üí£ by @orvillepeck
#NFTCommunity #NFTGiveaway
#music #photography #nftcollectors
#Japan #Ethereum #artTANK
#CleanNFT #btc #BNB
#indiedev #indie 
https://t.co/rXbdZpe7RL",2,4,Musictreez,151,1498527141259923456
149,Tue Mar 01 05:14:24 +0000 2022,"The only #BTC good news I can share with you is #February2022 candle closed #GREEN &amp; nothing more! üò∫üò∫
#crypto #Altcoins #Bullish #bearish https://t.co/vRxt1FLjXE",0,0,Aghdaieb,1029,1498527049077911552
150,Tue Mar 01 05:14:22 +0000 2022,"Money can buy you the most valuable asset, which is time. #btc",0,0,janthonymoreno,78,1498527039179169797
151,Tue Mar 01 05:14:05 +0000 2022,This project is a very good project. I really like this project. Because the project manager is very honest. I believe this project is a success.#11MINUTES #BTC #CRYPTO,0,0,Rikanoah,1092,1498526968081694723
152,Tue Mar 01 05:14:01 +0000 2022,"i put trust in gvmnt w/#crypto friendly economies bc of the financial transparency. too easy 2 cook the books/hide $ if reg ppl cant see the ledger/records. when reg ppl r jailed 4 what leaders do w/out penalty, it aint being governed. its being fucking ruled. #btc #eth #bitcoin",0,3,chchchadzilla,109,1498526952319172608
153,Tue Mar 01 05:13:54 +0000 2022,"#BTC March trading plan. Keep it simple. 
5 areas to watch and take positions accordingly. 

1: 32k-35.5k 
2: 35.5k-36.5k
3: 36.5k-44k
4: 44k-46.5k
5: 46.5k-50k

#BTC #BTCUSD #BTCperp #Crypto #cryptocurrency  #cryptotrading #cryptocurrencies #alphaleakbtc https://t.co/tXeI0jPV3l",0,0,alphaleakBTC,3,1498526923915472899
154,Tue Mar 01 05:13:51 +0000 2022,"This.

#Esports #Women #Zelda #100DaysOfCode #Streamer #USA #BTC #AnimalCrossing #csgo #branding #minecraft #NFT #marketing #ETH #cosplaying #NFT #investing #valorant #gamedevs #india #crypto #startup #dota2 #PUBGM #WomeninScience @JaneCaro @TraceySpicer https://t.co/eOgKoD1uef",8,3,EsportsWomen,657,1498526911349551107
155,Tue Mar 01 05:13:42 +0000 2022,"#Bitcoin after putting a $6,000+ daily candleü§£

#BTC #ETH #Ethereum #BNB #cryptocurrency #crypto #blockchain #NFTs #NFT #NFTCommunity #NFTartist #NFTdrop #Airdrop #Airdrops #Solana #Ruble #AVAX #WAVES #doge #SHIB #dogecoin https://t.co/R0YpDYymP5",1,3,ftftxglobal,19,1498526874934337539
156,Tue Mar 01 05:13:40 +0000 2022,"Bitcoin looks extremely bullish now we have 3new blue lines to the upside.1st &amp; 2nd will trigger altseason I hope ,and the last one is where we exit the alts once target met üëç good luck.
#Bitcoin #BTC #crypto https://t.co/709lTPOxKN",0,4,XRP_mrQ,293,1498526866583396354
157,Tue Mar 01 05:13:31 +0000 2022,"$xrp .. very good price to buy another pump coming soon !
https://t.co/oZguitWK7l
#BTC $SOL $TLM $SAND $MANA $MINA $ZEC $OGN $CVP https://t.co/L2ixuvEof7",0,0,Kaliyas2,209,1498526828469919744
158,Tue Mar 01 05:13:26 +0000 2022,"‚úÖ Follow us to grab your monster when it's on sale  ‚ù§Ô∏è and üîÅ
‚úÖ Join our server https://t.co/WVFytDu5sw 
üì¢ Meta Monster #4551 is on sale üëâ https://t.co/bLoWm4GShW

#openseanft #nonfungibletokens #cryptoartist #bitcoin #nftgiveaway #btc #nftmagazine",1,1,MetaMonstersCL,142,1498526806055530500
159,Tue Mar 01 05:13:14 +0000 2022,"üì¢FC Barcelona Fan Token Breaks Out Long-Term Channel Big Pump Expected | BAR Price Prediction 2022

üìã Curated post from Publish0x
üíé Read or write articles and get üí∞ #crypto #referral #earn #btc
https://t.co/zGzQE7iuLK",0,0,bruindesimon,502,1498526754494898180
160,Tue Mar 01 05:13:03 +0000 2022,$BTC #BTC Asta la vista bearüëãüëâüöÄüöÄüöÄüíéüôåüí∞üí∞,0,0,Lean6DeFi,175,1498526710832283648
161,Tue Mar 01 05:12:56 +0000 2022,$BIT  The #Bybit  exchange token seated in support and ready to rise its long-term good always keep a few exchange tokens in your portfolio! #Btc #ETH https://t.co/SQSoTrBeqs,0,0,cryptonoobs21,16,1498526682092769292
162,Tue Mar 01 05:12:55 +0000 2022,"If I sent you $100,000 $BUSD | $USDT what you buy üßê

#BNB #BTC #DOGE #SHIBA #BabyDogeCoin https://t.co/i6nB7GhVER https://t.co/VgT7vGWdkb",0,1,abaobaoshibush1,0,1498526677684854784
163,Tue Mar 01 05:12:53 +0000 2022,"Unique, modern, win-win trading strategies,
developed directly by the traders of the company

https://t.co/DpJaSzjxB0 

#btc #eth
#Storj",0,0,minhyor34735032,1501,1498526666498347008
164,Tue Mar 01 05:12:48 +0000 2022,"What is a cryptocurrency? Listen to our community member Hephzibah tell us about it.  Follow-us for more #crypto tips @JefeTOKEN 

#jefetoken #cryptocurrency #fyp #btc #eth #viral #whatis @benjefetoken https://t.co/VGj06AfKln",1,2,JefeTOKEN,5363,1498526646638366720
165,Tue Mar 01 05:12:36 +0000 2022,We are going pump the next crypto coin soon like we did with #dogecoin. We are aiming for 500%+. Coin name will only be announced on telegram. Link is provided in the profile description #btc #Dogecoins #Eth #coinpump #USDT #cryptopump,0,1,DoggySins,131,1498526594285060096
166,Tue Mar 01 05:12:28 +0000 2022,"People behavioral emotions is at 51% Today. NEUTRAL 

#btc #FOMO #cryptocurrency https://t.co/foBN1IkE0d",2,0,Gayu_Jnr,4961,1498526561351487488
167,Tue Mar 01 05:12:27 +0000 2022,"The $BTC price is at $43,277.62 right now.
üî¥ Compared to the last tweet, the price has dropped by $108.6 (0.25%).
üü¢ In the last 24 hours the price has increased by $5,344.22 (14.09%).

#Bitcoin #BTC https://t.co/Cq7bHeKcaS",1,1,Bitcoin8News,4611,1498526557920452608
168,Tue Mar 01 05:12:21 +0000 2022,"If #BTC is digital gold, #ETH is digital diamond.

#Ethereum has the power to revolutionize the World. https://t.co/bqE1kQypQl",0,2,MrPikai,103,1498526534847832069
169,Tue Mar 01 05:12:12 +0000 2022,"#BTC is looking #Bullish, that only means one thing!  #cryptocurrency is getting hot, could #Altseason be right around the corner? #xrp #ada #XRPArmy üöÄ #CryptocurrencyNews https://t.co/oBiYWFXvWl",0,2,johnnykrypto00,90,1498526494729060352
170,Tue Mar 01 05:12:07 +0000 2022,#Bitcoin #BTC Market Strategist Explains 4 Reasons Why BTC Is Rallying ‚Äî ‚ÄòUkraine Crisis Highlights How Bitcoin Can Act as a Support Mechanism‚Äô ‚Äì News Bitcoin News https://t.co/oDUpReOsEH,1,0,bitcoinpressuk,837,1498526476286627841
171,Tue Mar 01 05:11:42 +0000 2022,Very interesting. Let‚Äôs see which Trendlinie breaks first #BTC #nasdaq https://t.co/r8B9zLlTQ2,0,0,DirkSurf,31,1498526368128110592
172,Tue Mar 01 05:11:33 +0000 2022,"$YOYO
An unusual limit order (sell) removed from the order book has been detected.
2022-03-01 5:11AM | $YOYO @ 0.0000021 BTC | Qty: -3,267,343 | Value: -6.86 BTC | 1212% away from the current price!
#YOYO #BTC #cryptocurrency #Crypto",0,0,AriumCrypto,4138,1498526330119462913
173,Tue Mar 01 05:11:10 +0000 2022,Yeah I'm definitely bearish on #BTC. It will eventually work itself down to $30k &amp; below. #Bitcoin,0,1,thecoinsensei,100,1498526233839030273
174,Tue Mar 01 05:11:02 +0000 2022,"Nice platform with Experienced team of developers ,best platform with an actual and strong idea. The project clearly deserves great success.  One of I've ever seen one of the best platform. 
#11MINUTES #BTC #CRYPTO",0,0,MarkHobbyi,897,1498526202667016198
175,Tue Mar 01 05:10:59 +0000 2022,"My Crypto Strategy on ICONOMI just outperformed BTC.
Check it out here:
https://t.co/22QLDwgAwr
#cryptonews #btc #forextrader #bitcoinmining https://t.co/DA5sOHETTn",0,0,Limestone_Labs,14,1498526191128567812
176,Tue Mar 01 05:10:46 +0000 2022,"This is a massive project with a huge opportunity but there is not much doubt that their target will be reached. I'm very interested in them and look forward 
#11MINUTES #BTC #CRYPTO",0,1,zoafin,3506,1498526136673849347
177,Tue Mar 01 05:10:46 +0000 2022,":#Polygon #IDO #BSC #Eth #BTC #Airdrop #DeFi #Launchpad
I think this is one of the most successful applications of makes the future a reality by creating a comfortable and safe.",0,0,PintuMahsin,1455,1498526136560545793
178,Tue Mar 01 05:10:46 +0000 2022,"In December of 2015, my investors voted me out with a majority vote. It was a terrible blow to my ego. In February 2016 my attorneys negotiated $15,000 of my owners distribution in #btc. You know what those 45 #bitcoin are worth today? And they thought I was crazy.",1,1,greenheadmafia,279,1498526134320967680
179,Tue Mar 01 05:10:40 +0000 2022,"#BTC, #Crypto
 AS WAR BETWEEN RUSSIA AND UKRAINE RAGES THEY ARE SELLING SOL ETH IN EXCHANGE FOR BITCOIN",0,0,NewsSentiment,321,1498526108232392709
180,Tue Mar 01 05:10:37 +0000 2022,"Gm, just look at my portfolio. #BTC https://t.co/Z4BZs37YPn",0,1,ledgermex,2901,1498526098430521345
181,Tue Mar 01 05:10:32 +0000 2022,Current #Bitcoin Price is $43303 #BTC #Crypto,0,0,IAmBitcoinBot,705,1498526077672509443
182,Tue Mar 01 05:10:27 +0000 2022,"This is a massive project with a huge opportunity but there is not much doubt that their target will be reached. I'm very interested in them and look forward 
#11MINUTES #BTC #CRYPTO",0,0,_Russel_Mc,881,1498526053974745090
183,Tue Mar 01 05:10:20 +0000 2022,"Ode To The Mets üí£üí£üí£ by @thestrokes
#NFTCommunity #NFTGiveaway
#music #photography #nftcollectors
#Japan #Ethereum #artTANK
#CleanNFT #btc #BNB
#indiedev #indie 
https://t.co/BCyTwmtxRM",2,2,Musictreez,151,1498526025117962242
184,Tue Mar 01 05:10:15 +0000 2022,"#XAUUSD UPDATE üìà

GET 1DAY TRIALüëá
https://t.co/pq4P0wPBap

#forex #forextrading #tradingview #forexsignals #ŸÅÿßÿ±⁄©ÿ≥ #forexlife #forexmarket #forexlifestyle #fx #fxmarket #fxtrading #stockmarket #fxtrade #trading #trader #trade #traders #daytraders #btc #forexanalysis #ŸÅÿßÿ±⁄©ÿ≥_ÿ¢ŸÖŸàÿ≤ÿ¥ https://t.co/llVBctwjO5",0,0,RaiSrish,683,1498526003337232385
185,Tue Mar 01 05:10:05 +0000 2022,"Bitcoin BTC Current Price:
$43,310.96

1h: +0.41%
24h: +14.54%
7d: +18.09%

30d: +13.66%
60d: -8.53%
90d: -24.07%

#btc $BTC #bitcoin",0,0,aWebAnalysis,5041,1498525962920763396
186,Tue Mar 01 05:10:04 +0000 2022,"Entered at point B for the long! 

#solana #bitcoin #ethereum #cryptocurrency #crypto #nft #cardano #dogecoin #binance #btc #blockchain #cryptotrading #polkadot #cryptonews #xrp #elonmusk #eth #defi #coinbase #altcoin #bitcoinmining #sol #ada #altcoins #trading #litecoin https://t.co/x6p3gkNzed",0,0,ninzcrypto,47,1498525959003074562
187,Tue Mar 01 05:10:03 +0000 2022,"4chan /biz/ coin mentions (past hour)

#1ü•á Bitcoin: 36 (+9)
#2ü•à Chainlink: 16 (+7)
#3ü•â Ethereum: 14 (+7)
#4 Fantom: 6 (+2)
#5 Monero: 5 (+1)
#6 Loopring: 5 (-3)

#BTC $LINK #ETH #FTM $XMR #LRC",0,0,coinboole,1906,1498525954574069767
188,Tue Mar 01 05:10:03 +0000 2022,"reddit /r/CryptoCurrency DD coin mentions (past hour)

#1ü•á Bitcoin: 18 (+2)
#2ü•à Cosmos: 8 (-4)
#3ü•â Ethereum: 6 (-9)
#4 Terra: 4 (+2)
#5 Amp: 2 (+1)
#6 Secret: 1 (+1)

#BTC $ATOM $ETH $LUNA #AMP $SCRT",0,0,coinboole,1906,1498525953835900928
189,Tue Mar 01 05:10:00 +0000 2022,"Top 10 #Cryptocurrency Live Prices: 
(12:10 AM . Mar 01,2022)

#BTC $43301.69
#ETH $2926.88
#BNB $397.26
#DOGE $0.13
#SHIB $0.0000258743
#AXS $54.66
#MANA $2.82
#UNI $10.44
#GM $0.0000345068
#KISHU $0.0000000016

Comments! Which coins would like to be listed?",1,0,dll_io,768,1498525940850348033
190,Tue Mar 01 05:09:56 +0000 2022,"Bitcoin broke the key $40,000 resistance zone against the US Dollar. BTC is up over 12% and might continue to rise above the $43,000 level.
Bitcoin surged above a few key hurdles near the $40,000 resistance zone.  #Bitcoin #btc #cryptocurrency #eth https://t.co/GKFhXpTGDj",0,9,Marzkoin,137,1498525925595512837
191,Tue Mar 01 05:09:51 +0000 2022,If the Russians could pump #btc again that would be great . Thx,0,1,EasterbunnyR,125,1498525902325510150
192,Tue Mar 01 05:09:38 +0000 2022,"I am claiming my free Lightning sats from @_bitcoiner's amazing faucet! ‚ö°

@boltcoiner unlock me ba67b17d-f65f-45ee-9c26-0007ce24432e

#Bitcoin #BTC #LN #LightningNetwork #boltcoiner
https://t.co/QqjAUZ6aGc",0,0,AwanxAwanx,110,1498525851717373953
193,Tue Mar 01 05:09:26 +0000 2022,"#BTC $BTC 

Plan switched ,, we broke below the trendline support $BTC $ETH $XRP $USDT $BCH $LTC $EOS $BNB $BSV $XLM $ADA $TRX $XMR $XTZ $LINK",0,0,spiecr,9596,1498525800173551621
194,Tue Mar 01 05:09:02 +0000 2022,Not a good sign for #BTC bulls ! üò∂ https://t.co/CwqPz27aIK,0,1,CryptoAalind,76,1498525697257607173
195,Tue Mar 01 05:09:02 +0000 2022,"#waves $waves had one of the longest downtrend among exchange listed coins. Strong break out, supported by #btc put it on steroids. https://t.co/jfJOuMdMTf https://t.co/kqpVSY26wp",0,3,CryptoNoan,8876,1498525696737837057
196,Tue Mar 01 05:08:53 +0000 2022,"#Polygon #IDO #BSC #Eth #BTC #Airdrop #DeFi #Launchpad
This project will go much further in the future. We will be happy to see the achievements and results of this excellent project. I know this project will be grow in future. Very interesting project with specific goals.",0,0,Kalpesh70853932,3413,1498525660565831681
197,Tue Mar 01 05:08:48 +0000 2022,"üáÆüá≥ India Crypto Exchange üáÆüá≥
‚úÖBTC Trading Volume(24hours)
 1‚É£Wazirx : 382 BTC
 2‚É£Coindcx : 123 BTC
 3‚É£Zebpay : 28 BTC
#Bitcoin #BTC 
https://t.co/z6i3Yy3BKE",0,0,0xIndia,90,1498525640101752832
198,Tue Mar 01 05:08:48 +0000 2022,"üáÆüá≥ India Bitcoin Exchange üáÆüá≥
üí∞Bid‚ÄìAsk Spread Rankingüí∞
 1‚É£Zebpay : 9 INR
 2‚É£Wazirx : 205 INR
 3‚É£Coindcx : 3,184 INR
#Bitcoin #BTC 
https://t.co/z6i3YylKYM",0,0,0xIndia,90,1498525640051793920
199,Tue Mar 01 05:08:47 +0000 2022,"Bitcoin broke the key $40,000 resistance zone against the US Dollar. BTC is up over 12% and might continue to rise above the $43,000 level.
Bitcoin surged above a few key hurdles near the $40,000 resistance zone.  #Bitcoin #btc #cryptocurrency #eth

https://t.co/Vd5MNkoWUd https://t.co/rfqBqGoFBc",0,0,tokenandcrypto,157,1498525635140071425
200,Tue Mar 01 05:08:46 +0000 2022,"#AirCoinDAOLabs #AirCoin #AirCash #AirChain

Countdown to March 5th, the mobile version will come out soon

Are you ready?üöÄüöÄüöÄ
$AIR @Aircoinreal

#BTC #ETH #BNB #Solana #Binance #Coinbase #OKX #Crypto #CoinMarketCap #CoinGecko https://t.co/QUBA2Boe1x",0,0,Arthury96282518,992,1498525632002543616
201,Tue Mar 01 05:08:38 +0000 2022,"This is excellent project for the future with strong team a transparent planned and project roadmap it will be successful Always be waiting for the progress of this project to the moon.
#11MINUTES #BTC #CRYPTO",0,0,KrisdaArika,1361,1498525599798677507
202,Tue Mar 01 05:08:33 +0000 2022,"One Way Trigger üí£üí£üí£ by @thestrokes
#NFTCommunity #NFTGiveaway
#music #photography #nftcollectors
#Japan #Ethereum #artTANK
#CleanNFT #btc #BNB
#indiedev #indie 
https://t.co/olsZncOt8G",3,2,Musictreez,151,1498525578768490506
203,Tue Mar 01 05:08:32 +0000 2022,"I am claiming my free Lightning sats from @_bitcoiner's amazing faucet! ‚ö°

@boltcoiner unlock me 4b22b8f2-7c77-486a-81e2-caaf0786af7b

#Bitcoin #BTC #LN #LightningNetwork #boltcoiner
https://t.co/uwl5wbXCgp",0,0,BalkeshTandon,278,1498525572162596871
204,Tue Mar 01 05:08:29 +0000 2022,"Check out Metawin, The biggest Crypto Casino which lets u play with Etherium, BTC, and Solana. More than 4000 slots are available. Powered by the amazing team behind @PigzGreedy. It's definitely going to the moon. #NFTs #Ethereum #Solana #BTC @SOLBigBrain  https://t.co/996pd3bpj8",0,0,sarthak_93,273,1498525561668644868
205,Tue Mar 01 05:08:21 +0000 2022,#EverRiseV3 is coming. March 2022. @EverRise #LetUsIn #BinanceSmartChain #BSCGem #BTC #ETH #Altseason2022 #cryptocurrency  #Cryptos #polygon #AVAX #RISERS #FTM #EverRise #RISERS #EverRiseV3 #EverRiseEdu https://t.co/udERScNrNY,0,0,MiltonD52199644,674,1498525528118149121
206,Tue Mar 01 05:08:09 +0000 2022,"aliensapp: Aliens News!

The whales are here! 

#Shib #cryptocurrency #btc #ethereum #Matic #cryptos #ada #luna #ukraine #Russia #bitcoin #bullish #airdrop

https://t.co/iYw7BzEPYO",0,0,VeeKnowsCryptos,249,1498525476020707332
207,Tue Mar 01 05:08:00 +0000 2022,"#GHSTUSDT Bear Alert!

5X Volume
Price:      1.963
5-min %: 0.0%
Volume:  $15,551
 
#crypto #whale #btc #eth #GHST $GHST https://t.co/m5195Dx2Xb",0,0,abnormal_crypto,1228,1498525438884331520
208,Tue Mar 01 05:07:57 +0000 2022,Looking for that gem? Here it is. @EverRise #LetUsIn #BinanceSmartChain #BSCGem #BTC #ETH #Altseason2022 #cryptocurrency  #Cryptos #polygon #AVAX #RISERS #FTM #EverRise #RISERS #EverRiseV3 #EverRiseEdu https://t.co/hUZzDJ5DEe,0,1,MiltonD52199644,674,1498525426733441026
209,Tue Mar 01 05:07:57 +0000 2022,"Time For 3rd Retest of 45K in 3 Week's Time, But this time It's Well Supported by Higher Volumes 
Will #BTC Break‚õèÔ∏è 45K ?
Looks Good to‚õèÔ∏è, backed by Some Consolidation !
Look out for 4HR Chart to Learn and Understand the Beauty of #Cryptocurrency #Metaverse #DeFi #Altcoins",0,0,iampranam,34,1498525425231745026
210,Tue Mar 01 05:07:56 +0000 2022,"Another sneak peak!

*massive progress!* on #NFTs 

integrating @DeathNote_Token #NFTs, beautiful NFTs with staking features!! üòâ $KIRA was built for the community.

#BTC #ETH #STAKING #KIRA #Rewards üöÄüöÄüöÄüöÄüöÄüöÄ",1,5,Walt_kryptnumX,843,1498525422107115527
211,Tue Mar 01 05:07:49 +0000 2022,I really like the project. Prospects for the development of a purely cosmic scale. I wish the developers good health and patience. Together we can do more!   #11MINUTES #BTC #CRYPTO,0,0,Timariantriny,1291,1498525394206539783
212,Tue Mar 01 05:07:47 +0000 2022,"Players only have to pay a fee if they transfer tokens between wallets or switch back to the crypto dimension. Transfers and switches will require a 10% fee, out of which 3% each will go to liquidity, NFT staking pool, and token farming, while the. 

#11MINUTES #BTC #CRYPTO",0,1,Justinberryian,1230,1498525385230716928
213,Tue Mar 01 05:07:27 +0000 2022,"I started mining bitcoin, I mined a few bitcoins but I stopped. WHY?

To know more watch my youtube video: https://t.co/fSHp03Pn0Z

#mining #bitcoin #cryptocurrency #trading #blockchain  #money #investing #cryptoart #invest #btc #eth #trader #wealth  #investor #cryptotrading https://t.co/LiWa2940kH",0,0,10buckscrypto,320,1498525301894422528
214,Tue Mar 01 05:07:24 +0000 2022,"Intel ‚Äòs ASIC #Bitcoin Miner Will Cost Half, Be 15% More Effective Than Most S19s

https://t.co/k6gjRrjfsT #BTC #Crypto #CryptoNews #CryptocurrencyNews",0,0,TheBitcoinScoop,120,1498525289411874817
215,Tue Mar 01 05:07:21 +0000 2022,"#Orijin #Polygon #IDO #BSC #Eth #BTC #Airdrop #DeFi #Launchpad
A project without drawbacks, everything is done simply and easily. Excellent innovation,",0,0,NabilaJannat18,5654,1498525275499294720
216,Tue Mar 01 05:07:17 +0000 2022,"Adding to shorts on $alts 

Btcd üöÄ #btc",0,0,jeremyparkeraim,792,1498525260433575938
217,Tue Mar 01 05:07:14 +0000 2022,11 Minutes is an extraordinary project with a great potential. I think this project will go a long way because it has a brilliant team.#11MINUTES #BTC #CRYPTO,0,0,greybiano,1347,1498525245749141506
218,Tue Mar 01 05:07:06 +0000 2022,"I am expecting #btc and $alts to pull back as they are all overbought on the 1-4 hours and daily .
#btc will pull back to $38.6k-$39k.
Might take time.",0,14,CryptoA40672341,21571,1498525210781360134
219,Tue Mar 01 05:07:06 +0000 2022,I really like the project. Prospects for the development of a purely cosmic scale. I wish the developers good health and patience. Together we can do more!   #11MINUTES #BTC #CRYPTO,0,0,hoyerlee,1916,1498525210164678659
220,Tue Mar 01 05:07:02 +0000 2022,"This amazing faucet from @_bitcoiner is making me tweet this to claim my free Lightning sats. ‚ö°

@boltcoiner unlock me 7f485164-2391-4e04-aa0e-451299db3004

#Bitcoin #BTC #LN #LightningNetwork #boltcoiner
https://t.co/yxjlPmMxk0",0,0,rip110101,64,1498525195807899650
221,Tue Mar 01 05:06:52 +0000 2022,"One of the strongest masternode i have never seen such a strong masternode concept before.  
#Orijin #Polygon #IDO #BSC #Eth #BTC #Airdrop #DeFi #Launchpad",0,2,dybala129,2284,1498525154103676933
222,Tue Mar 01 05:06:50 +0000 2022,"#11MINUTES #BTC #CRYPTO
This project is a good team, in a predictable and transparent road map, planned and projected growth in both the campaign and your money invested in it gives to assume that this project came to us one day",0,0,cardianot,4314,1498525146973306881
223,Tue Mar 01 05:06:40 +0000 2022,"#BTC Derivs Sheet (Tweet every 15 min.)
CME Delayed (10 min)
GS Delayed (15 min) and OI = SHARES OUT https://t.co/WoKvgxo4CW",0,0,btc_status,39314,1498525101855494146
224,Tue Mar 01 05:06:37 +0000 2022,2022 is going to be huge for @EverRise. Have you aped in as yet? #NFA LetUsIn #BinanceSmartChain #BSCGem #BTC #ETH #Altseason2022 #cryptocurrency  #Cryptos #polygon #AVAX #RISERS #FTM #EverRise #RISERS #EverRiseV3 #EverRiseEdu https://t.co/7P3R5UeEW2,1,2,MiltonD52199644,674,1498525090971103233
225,Tue Mar 01 05:06:33 +0000 2022,"Lol when #btc falls 5% #altcoins fall 15%, yet when $btc rises 14%, $alts are barely moving, the ratios are way off. Imo https://t.co/AV42SNB1sk",0,0,TheCryptoAnlyzr,92,1498525075414388736
226,Tue Mar 01 05:06:30 +0000 2022,"üí∞ BIG COIN üí∞ 

Pre-sale has less than 6 hours left üòÜ 180 BNB left üòé Please see the image to see how hot it is üî•üöÄüöÄüöÄ 

#Crypto #Airdrop #Giveaway 
#Presale #BIGCOIN
#Virtualcurrency #BTC #ETH

üëá Purchase here üëá
https://t.co/0eo6xvAVfe https://t.co/0aL7xzOj5j",0,0,oWoGXLjbFi7b3pS,228,1498525059480113157
227,Tue Mar 01 05:06:25 +0000 2022,"This project with very good and has a perfect perspective for the future. I see many people support and don't forgot to follow the announcements. I think this is a very good startup that continues to grow every day..
#11MINUTES #BTC #CRYPTO",0,0,coingiant,3453,1498525041805258752
228,Tue Mar 01 05:06:25 +0000 2022,"Two best parts of waking up in the morning:
1) Checking on üá∫üá¶ heroic defenders kicking ass!
2) Checking on our #BTC donation wallet to @BackAndAlive which also is kicking ass!
Approaching $8,5 mn 
Slava Ukraini üá∫üá¶‚úä‚úä‚úä

#BTC Wallet
bc1qkd5az2ml7dk5j5h672yhxmhmxe9tuf97j39fm6",3,15,BitfuryGeorge,29701,1498525041205653506
229,Tue Mar 01 05:06:23 +0000 2022,"I can't breathe,I need $Air
#Air is everywhere.
#AirCoin„ÄÅ#AirCash and #AirChain will be everywhere in the currency circle.

BSC  Contract address Ôºö
0xd8a2aE43Fd061d24acd538e3866Ffc2c05151b53

#AirCoinDAOLabs
#BTC #DeFi #web3 #ETH #BNB #coinbase #Binance https://t.co/BhjGJ40ndx",0,0,BOB27736359,102,1498525030291951621
230,Tue Mar 01 05:06:21 +0000 2022,"News about Metaverse

TitleÔºöiCandy completes Storms acquisition, positions itself in the centre of gaming Metaverse and NFTs - Stockhead 

https://t.co/iNsYSCVfUN

#Metaverse #meta #crypto #BTC #bitcoin",0,0,additionalrules,741,1498525024990687236
231,Tue Mar 01 05:06:21 +0000 2022,"News about Metaverse

TitleÔºöPompano Beach Resident Highlighting Black Culture With First-Of-Its-Kind Metaverse Virtual Museum - CBS Miami 

https://t.co/mYJHeVVxsH

#Metaverse #meta #crypto #BTC #bitcoin",0,0,additionalrules,741,1498525023577030661
232,Tue Mar 01 05:06:19 +0000 2022,"News about Metaverse

TitleÔºöTop 10 Metaverse-inspired NFT Gaming Platforms in 2022 | by Marianne Johnson | Feb, 2022 - DataDrivenInvestor 

https://t.co/E9Wx2wceFQ

#Metaverse #meta #crypto #BTC #bitcoin",0,0,additionalrules,741,1498525015905603589
233,Tue Mar 01 05:06:00 +0000 2022,Meanwhile bitcoin #bitcoin #btc https://t.co/cgKRsQll5h,0,0,scamcatcherszz,31,1498524933764222980
234,Tue Mar 01 05:05:58 +0000 2022,Feed : Earn More TOWER Rewards with Crazy Defense Heroes #NFT #Metaverse #BTC #ETH https://t.co/pecfS0PtgA,0,3,cheap_nft,71,1498524926135140352
235,Tue Mar 01 05:05:56 +0000 2022,"Hello everyone.

Hope you're well today.

Let's look at #BTC",0,7,BTC_TradingLab,8623,1498524918597795841
236,Tue Mar 01 05:05:53 +0000 2022,"Bitcoin is the digital, monetary second amendment. #BTC",0,0,icurn3,59,1498524905234526208
237,Tue Mar 01 05:05:42 +0000 2022,"[Scan results - #KuCoin - 1h]

Top 5 bullish trend on #BTC pair
1: $KNC
2: $WEST
3: $TOMO
4: $WAVES
5: $COV

Top 5 bullish trend on #USDT pair
1: $VEGA
2: $ONT
3: $NOIA
4: $SHFT
5: $MLN

All #KuCoin results: https://t.co/e93dmuf3pT
Not buy signals",1,0,DYORCryptoBot,95846,1498524860032692224
238,Tue Mar 01 05:05:34 +0000 2022,"[Scan results - #Gateio - 1h]

Top 5 bullish trend on #BTC pair
1: $WAVES
2: $RENBTC
3: $NSBT
4: $ATOM
5: $WBTC

Top 5 bullish trend on #USDT pair
1: $NOIA
2: $GXS
3: $QASH
4: $SKILL
5: $WOO

All #Gateio results: https://t.co/grhA7DLN8h
Not buy signals",0,1,DYORCryptoBot,95846,1498524825387687941
239,Tue Mar 01 05:05:32 +0000 2022,Current #Bitcoin Price is $43311 #BTC #Crypto,2,1,IAmBitcoinBot,705,1498524816680243206
240,Tue Mar 01 05:05:27 +0000 2022,"üí∞ Minted 5.010 #renBTC (217,506.03 USD) on #ETH. Darknodes fee: 0.0100 #BTC (435.01 USD) https://t.co/fdwlC15Cqq",0,0,RenAssetsBot,538,1498524796392456192
241,Tue Mar 01 05:05:25 +0000 2022,#BTC is now at $43375.07,0,1,getbitcoinprice,198,1498524786783395841
242,Tue Mar 01 05:05:16 +0000 2022,"Great News after launch the first 500 wallets holding The #AMC Token will received a special #NFT  gift.

The #Apes Movement Community #TokenüåïüåïüöÄüöÄ
#ApesTogetherStrong 

#ETH based #cryptocurrency 

#shiba #babydoge #dogecoin #NFTs #Bullish #BTC #Solana #cryptotrading #Crypto https://t.co/YLwyhrRzDd",0,3,theamctoken,160,1498524752843005952
243,Tue Mar 01 05:05:08 +0000 2022,"#BTC 

jesus...lot of shorts got buried alive....lets call this the putin candle ...in honor of the infamous xi candle from late 2019... https://t.co/D0KadqCaS8",0,13,gutsareon,6133,1498524717938057225
244,Tue Mar 01 05:05:00 +0000 2022,"Top 10 #Cryptocurrency Live Prices: 
(12:05 AM . Mar 01,2022)

#BTC $43310.96
#ETH $2925.98
#BNB $396.33
#DOGE $0.13
#SHIB $0.0000258602
#AXS $54.73
#MANA $2.82
#UNI $10.44
#GM $0.0000345561
#KISHU $0.0000000016

Comments! Which coins would like to be listed?",0,0,dll_io,768,1498524682672353284
245,Tue Mar 01 05:05:00 +0000 2022,"PlanA #BTC
Long btc to 48000ÔºÅ https://t.co/VupUz9QxM7",0,0,Cyptoxliang,1352,1498524682412167170
246,Tue Mar 01 05:04:59 +0000 2022,Breaking news:  https://t.co/YK9kFfZ0gd #BTC #Crypto #Binance #Altcoins #ADA #Sand #Doge #Luna #Bitcoinpump #dogecoin #FTM #Cardano #PlanB #Uniswap #Sushiswap #xrp #NFT #Solana #SOL #shiba #Ethereum #Cryptocurrency #Ether #Etherium #Bitcoin #Bullrun  #cryptonews  #ALGO #Ma,0,0,wkimcnl,1023,1498524678947749890
247,Tue Mar 01 05:04:50 +0000 2022,"This project stands out from others for its realism and excellent qualities of the team, which is focused on achieving real results.I am confident in the success of this project.
#Orijin #Polygon #IDO #BSC #Eth #BTC #Airdrop #DeFi #Launchpad",0,0,Shojibul4552,4129,1498524639840305152
248,Tue Mar 01 05:04:46 +0000 2022,South African exchange raises $50M in Africa‚Äôs largest funding round #crypto #btc https://t.co/iMatsn1zH2,0,1,FeursteinP2P,7701,1498524624203702272
249,Tue Mar 01 05:04:45 +0000 2022,"South African exchange raises $50M in Africa‚Äôs largest funding round
https://t.co/1b3an0ir1P
 #Bitcoin #BTC #Cryptocurrency #Crypto #Ethereum #BinanceSmartChain #Dogecoin #Airdrop #Cardano #Blockchain #Trading #Altcoin #Altcoins",1,1,mohamejjjj,957,1498524620248559616
250,Tue Mar 01 05:04:38 +0000 2022,"This market is so fun lol

$43k bitcoin #btc¬† üèÜ",0,0,MasonVersIuis0,11969,1498524591022653443
251,Tue Mar 01 05:04:21 +0000 2022,"BITCOIN PRICE PREDICTION

PRICE : FALL‚§µ in 60 min.
Target price : 42,914.49 USDT
SELL 0.10 BTC for 43,347.97 USDT apiece on Binance
(Amount: 4,335 USDT)

#Bitcoin #BTC #Binance",1,0,cryptojohnsmith,1994,1498524521426714625
252,Tue Mar 01 05:04:21 +0000 2022,"[Scan results - #Binance - 1h]

Top 5 bullish trend on #BTC pair
1: $API3
2: $KNC
3: $WOO
4: $SNM
5: $TOMO

Top 5 bullish trend on #USDT pair
1: $GXS
2: $ACM
3: $YGG
4: $ONT
5: $UNI

All #Binance results: https://t.co/9710K7WwgG
Not buy signals",0,0,DYORCryptoBot,95846,1498524519882964996
253,Tue Mar 01 05:04:11 +0000 2022,"#AirCoinDAOLabs #AirCoin #AirCash #AirChain

#Aircash decentralized cash access system, which will provide money lovers with more privacy! The mobile version will be available on March 5th!üíµüíµüí∏üí∏üí∂üí∂üíØüíØüöÄüöÄ

#BTC #ETH #BNB #Solana #Binance #Crypto https://t.co/5KhiQD5Vzg",0,0,BOB27736359,102,1498524476274663430
254,Tue Mar 01 05:04:07 +0000 2022,LOOK üëÄwhere #Bitcoin got rejected: #BTC Bulls MUST Exercise Extreme CAUTION Here especially if you FOMO'd into a long at the top of today's #crypto pump.  (... https://t.co/AhVxNjzOTW via @YouTube,0,0,DJBravoCrypto,16,1498524462760665089
255,Tue Mar 01 05:04:02 +0000 2022,"The latest #bitcoin block 725387 with 392 transactions was just mined by Binance Pool
Total Fees:0.0173067
Block Subsidy:6.25
#Bitcoin #BTC #blockchain #analysis",0,0,CmoBitcoin,310,1498524441520840704
256,Tue Mar 01 05:04:02 +0000 2022,"#DOCKUSDT Bear Alert!

5X Volume
Price:      0.03475
5-min %: -0.4%
Volume:  $32,930
 
#crypto #whale #btc #eth #DOCK $DOCK https://t.co/PnQlvmYufq",0,0,abnormal_crypto,1228,1498524441311076355
257,Tue Mar 01 05:04:00 +0000 2022,"üö® #BTC soars to 43K. Many altcoins including #LUNA and #THETA are leading the rally this week as the market sways back into the green.

üèÜ Top Gainers of the week: $LUNA, $THETA, $NEO, $ATOM, $AVAX

üîî View prices now 
üëâ https://t.co/V0KM67sTIh https://t.co/9Cavfc9swh",0,0,coinhako,9327,1498524430925844481
258,Tue Mar 01 05:03:57 +0000 2022,BTC(+5.00%) NOW: 1409995.19‡∏ø MAX: 1430000‡∏ø MIN: 1240001‡∏ø ACT: SELL(0.38) RSI: 71.29 #BTC #TakeAseat #Fighting https://t.co/ca8Fg99QSe https://t.co/HZt6GMBkr4,0,0,SIGNALnotifyME,69,1498524419211538436
259,Tue Mar 01 05:03:51 +0000 2022,"#dailyFEG Monday, 28 February 2022
@FEGtoken to buy on https://t.co/ATtUTPeNkn or
$FEG ETH at @Uniswap
$FEG BSC at @PancakeSwap
.
#FEG #FEGex #FEGtrack #altcoin #altseason #ROX #BTC #ETH #BNB #ADA #SOL #DOGE #SHIB #crypto #DeFi #SmartDeFi #ERC20 #BEP20 #FEGArmy #IamFEG #AMC #GME https://t.co/CXW9eHvd8s",0,5,MCudera,5187,1498524393932271617
260,Tue Mar 01 05:03:51 +0000 2022,I created this Twitter account .To help the poor. We have some people who have nothing to eat. I can't help them alone. I created this Twitter account so that we can all work together to help them . So I thought we could help them with their crypto. #shiba   #cryptocurrecy #BTC,0,1,Helpf0undation,9,1498524392682561536
261,Tue Mar 01 05:03:51 +0000 2022,#btc is going up üòÉ must be that 0.00051000 sats I bought yesterdayüòÅüòÅüòÅ,0,0,denrudmn,15,1498524392631975937
262,Tue Mar 01 05:03:49 +0000 2022,"The current price of bitcoin is $43,401.00. It has increased by 14.622% in the last 24 hours #bitcoin #btc #cryptocurrency",0,0,WatchingBitcoin,181,1498524386038583296
263,Tue Mar 01 05:03:39 +0000 2022,"Crypto is the only space where it can shoot up $2k in five minutes.
#btc #Bitcoin #cryptocurrency",0,1,imrickytorres,2,1498524342073929729
264,Tue Mar 01 05:03:35 +0000 2022,"Aliens News!

The whales are here! 

#Shib #cryptocurrency #btc #ethereum #Matic #cryptos #ada #luna #ukraine #Russia #bitcoin #bullish #airdrop

https://t.co/0k9z21zlZ5",0,1,aliensapp,20051,1498524329084010498
265,Tue Mar 01 05:03:35 +0000 2022,Facts from #legend #BTC https://t.co/eVUq3z36ym,0,0,BinBaghdad,139,1498524325959245830
266,Tue Mar 01 05:03:32 +0000 2022,"Bitcoin or Blue Sparrow ?!
I wish it was not too late to recognize this token!
I hope all buy this token on the floor

Is BlauSparo an opportunity for those who were left behind to buy bitcoins in previous years ?!

#Btc #ÿ®ŸÑÿßÿ≥Ÿæÿßÿ±Ÿà #bluesparrow #BlueSparrowtoken
#ShannonBrayNC https://t.co/AWKWseHiVL",0,0,m4hdi_blue,96,1498524316635627528
267,Tue Mar 01 05:03:32 +0000 2022,"üì¢Boot Camp Week 3, Technical Recap

üìã Curated post from Publish0x
üíé Read or write articles and get üí∞ #crypto #referral #earn #btc
https://t.co/XmnlqiMuQW",0,0,bruindesimon,502,1498524312814460929
268,Tue Mar 01 05:03:30 +0000 2022,"Further strength in #BTC overnight. Need to start acting on my convictions, if so I‚Äôll be making more $ from this than my job ü§£ü§£ü§£ https://t.co/FsYfonKlmp",0,0,go_rossi46,493,1498524306774663171
269,Tue Mar 01 05:03:28 +0000 2022,"Yeni Haber CoinNews:
This Is What A Real Attack On Bitcoin Would Look Like [https://t.co/NMASKJDokk] +3 (2 hours ago)
#btc #etc #koin #kripto #crypto",0,0,sosyalilgi,113,1498524296842555394
270,Tue Mar 01 05:03:23 +0000 2022,Have you heard of @EverRise? @EverRise #LetUsIn #BinanceSmartChain #BSCGem #BTC #ETH #Altseason2022 #cryptocurrency  #Cryptos #polygon #AVAX #RISERS #FTM #EverRise #RISERS #EverRiseV3 #EverRiseEdu https://t.co/Xwj25yTJtp,1,4,MiltonD52199644,674,1498524275132747777
271,Tue Mar 01 05:03:22 +0000 2022,"I am sure you don‚Äôt want to miss out this üëáüëáüëá.
#ShibDoge #shibadoge gets bullish rating! 

#ShibaDogeTheNext1000XGem #ShibaDogeFamily #SHIBADOGEARMY @RealShibaDoge #cryptocurrency #CryptoNews #btc #ETH 

https://t.co/n2s1CagtAE",3,2,laker_on,133,1498524274004570118
272,Tue Mar 01 05:03:15 +0000 2022,"What‚Äôs worth more, $1,000 in #BTC or $1,000 in #ETH?",9,14,ethmaster089,2781,1498524242983501833
273,Tue Mar 01 05:03:14 +0000 2022,"‚ö†Ô∏èBREAKING:

*BITCOIN SOARS ABOVE $43000 AS CRYPTOS SURGE AMID RUSSIA SANCTIONS

#BTC #BITCOIN",0,5,cryptocoinclub,1667,1498524240374829057
274,Tue Mar 01 05:03:10 +0000 2022,"BITCOIN PREDICTION RESULT

SELL 0.1 BTC for 43,322.22 USDT.
It was BOUGHT for 43,102.38 apiece 60 min ago on Binance
(Amount: 4,310).

Trade Profit: 21.98
Daily Profit: 193.44(4.49 %)
Monthly Profit: 193.44(4.49 %)

#Bitcoin #BTC #Binance
https://t.co/5o5UaREZcT",0,0,cryptojohnsmith,1994,1498524222813253633
275,Tue Mar 01 05:03:05 +0000 2022,"I'll never forget times I paid ""absurd fees to make sure I got my tx into the block"", like a fkn dummy.

It still took #BTC digital ""puzzle solvers"" 2.25 HOURS to move it at a premium.

Never again will I use that prot to store or communicate value.

I will only sell it.",0,0,ZarkMuckerban,53,1498524202374250498
276,Tue Mar 01 05:02:58 +0000 2022,"This project out from others for its realism and excellent qualities of the team, which is focused on achieving real results . Nice project
#Orijin #Polygon #IDO #BSC #Eth #BTC #Airdrop #DeFi #Launchpad",0,1,SKShago92287761,2919,1498524173509230594
277,Tue Mar 01 05:02:56 +0000 2022,"This amazing faucet from @_bitcoiner is making me tweet this to claim my free Lightning sats. ‚ö°

@boltcoiner unlock me bab4fad2-985a-4e8d-b3d1-bf6bd8e58f46

#Bitcoin #BTC #LN #LightningNetwork #boltcoiner
https://t.co/otr71AFqxk",0,0,Cointyson94,43,1498524163031633921
278,Tue Mar 01 05:02:55 +0000 2022,"Do not open these types of emails that are usually sent to phishing.
#BTC
#Gmail https://t.co/uoLKqE1j93",0,0,BTC__21M,84,1498524161513500676
279,Tue Mar 01 05:02:52 +0000 2022,"#Bitcoin dominates 42% of the $2T crypto market.

#BTC: $43,401 
#BCH: $332 
#BSV: $88",0,0,bitcoin_dom_bot,89,1498524145805635585
280,Tue Mar 01 05:02:42 +0000 2022,"#Bitcoin $BTC Whale Activity Surged after Price Bottomed out, Says #Crypto Analytics Firm ...
#WHALES #BTC #cryptocurrency #CryptoNews https://t.co/hmT806LZI6",1,1,ahmad_manasrah1,1007,1498524106471493632
281,Tue Mar 01 05:02:35 +0000 2022,"Look!!! $dome @everdome in background sponsor, football match #realmadrid vs #vallecao.  To the mooonnn....

#BTC #BabyDogeCoin #dogelonmars #bnb #blinu #ShibainuCoin #CatecoinArmy",0,0,Evo47256014,31,1498524074665918466
282,Tue Mar 01 05:02:23 +0000 2022,yesterday's #btc price action was def Russian money lmao.,0,0,kabiito_,1332,1498524025336877056
283,Tue Mar 01 05:02:23 +0000 2022,"#FTM #BTC its risky to take a new setup now. i entered with small position and less lev. will add more if it dips further. please manage your risk.

it looks juicy. can keep it open for few days. https://t.co/OqDYpqqlZt",0,1,Canopus_Vlogs,159,1498524024418156544
284,Tue Mar 01 05:02:14 +0000 2022,"GUYS THERE ARE MANY SCAMMERS AROUND BEWARE PLEASE!!!

@ETHFanToken
@DelCrxpto $EFT
#ETHFANTOKEN
#ETHFANECOSYSTEM
#EFTBURN
#EFTFAM
#crypto
#binance
#Bitstamp
#BTC
#BNB 
#ETH 
#BSC",4,9,crypto_hass,635,1498523987726540800
285,Tue Mar 01 05:02:07 +0000 2022,I created this Twitter account .To help the poor. We have some people who have nothing to eat. I can't help them alone. I created this Twitter account so that we can all work together to help them . So I thought we could help them with their crypto. #cryptocurrecy #BTC,0,1,Helpf0undation,9,1498523959465488390
286,Tue Mar 01 05:02:07 +0000 2022,BTC(+5.00%) NOW: 1409995.19‡∏ø MAX: 1430000‡∏ø MIN: 1240001‡∏ø ACT: SELL(0.38) RSI: 71.29 #BTC #TakeAseat #Fighting https://t.co/ca8Fg99QSe https://t.co/PqsrayAALL,0,0,SIGNALnotifyME,69,1498523958383366145
287,Tue Mar 01 05:02:04 +0000 2022,"#Bitcoin

84 #BTC traded at $43,370 worth $3,643,080

https://t.co/MeRMnIjDUA

#cryptocurrecy https://t.co/SoDEJFk5Au",0,4,BigBreakingNow,22629,1498523944827031552
288,Tue Mar 01 05:01:58 +0000 2022,"Domain Name For Sale
https://t.co/5rsqYLliPU
.
#Domains #domainsforsale #DomainNameForSale #cryptocurrency #crypto #CryptoNews #CryptoTax #Bitcoin #btc #tezos #Solana #cryptowallet #startup #NFTs #NFT #NFTCommunity #NFTCollection #Banking #blockchain #DAOs #dogecoin #ETH #web3 https://t.co/3JNwpM1HLV",2,1,DNfox_,17,1498523919325749253
289,Tue Mar 01 05:01:52 +0000 2022,"FORGET #BITCOIN, #ALTCOINS are MOVING! With https://t.co/NNuyWtu2BL you can track all the top performers with the current run.

#BTC #ETH #WAVES #LUNA #THETA #KDA #RUNE #NEO #FTM #AVAX #GALA #ROSE #ATOM #ICP #ZEC #VET #FLOW #NEAR #HOT #XMR https://t.co/FkS0UuorK6",0,0,cryptoscanner1,120,1498523895900430338
290,Tue Mar 01 05:01:48 +0000 2022,"Let‚Äôs support #Ukraine 
#BTC #PolkaDot #ETH #DOT 
DYOR before taking any action, confirm this information before doing anything. https://t.co/SFM7aI2n2g",0,0,jonclife,469,1498523880087949314
291,Tue Mar 01 05:01:39 +0000 2022,"This Is What A Real Attack On Bitcoin Would Look Like

Discuss on CryptoPanic: https://t.co/eN8fzm4xd0

#Crypto #News #BTC https://t.co/nsT1prYmiD",0,0,TokenDigest,2,1498523840254816256
292,Tue Mar 01 05:01:13 +0000 2022,Buckle up..#btc #ust #LFG,0,1,CryptoMiami305,381,1498523730250813446
293,Tue Mar 01 05:01:06 +0000 2022,I predict #BTC will go this way. https://t.co/8eVuAa62Q7,0,0,suvin_wasura,3,1498523702421786624
294,Tue Mar 01 05:01:02 +0000 2022,"The latest #bitcoin block 725386 with 122 transactions was just mined by AntPool
Total Fees:0.00536968
Block Subsidy:6.25
#Bitcoin #BTC #blockchain #analysis",0,0,CmoBitcoin,310,1498523686369959940
295,Tue Mar 01 05:00:58 +0000 2022,"Part 1/2:

BTCMarkets
#BTC: $59615
#BCH: $454
#ETH: $4020
#LTC: $155
#XRP: $1.07

Coinspot
#BTC: $59972
#ETH: $4025
#LTC: $156
#XRP: $1.07

Cointree
#BTC: $58992
#BCH: $444
#ETH: $3917
#LTC: $151
#XRP: $1.04",0,0,iluvbitcoins,259,1498523670414770177
296,Tue Mar 01 05:00:53 +0000 2022,"#Ethereum hourly net stats.
4am - 5am UTC
blocks:255
avgDiff:12.67 PH
hashRate:939.51 TH/s
avgSize:80.34 KB
txns:41360
#ETH #BTC #crypto",0,0,Twe_ether,189,1498523646561767424
297,Tue Mar 01 05:00:51 +0000 2022,"Your hourly #BTC updateüôå

- Hourly closing of #BTC $43387 $BTCUSD
- Hourly price change is 0.45 %üìà
- 6 hr Vol. trends downwards
- Trading above the 200 hr MA($38456)
- Relative Strength Index (RSI 14) is at 76.51

#trade #crypto #BTC #analysis https://t.co/Y3INLtBtJV",0,0,MBrae3,1750,1498523639213342720
298,Tue Mar 01 05:00:48 +0000 2022,BTC pumping 18% ü•µ‚ù§Ô∏è #BTC,0,1,AabidMMir11,11,1498523625367891968
299,Tue Mar 01 05:00:42 +0000 2022,"Intel ‚Äòs ASIC Bitcoin Miner Will Cost Half, Be 15% More Effective Than Most S19s
#BTC #CRYPTONEWS #NFT #BTC
https://t.co/htH0Xa3jB0",0,2,thinkmoonio,231,1498523602232418305
300,Tue Mar 01 05:00:38 +0000 2022,$BTC #BTC you idiot.  Told you to cover but you didn‚Äôt listen. https://t.co/5bYgDZBfkf,0,0,Lean6DeFi,175,1498523584167358465
301,Tue Mar 01 05:00:36 +0000 2022,"$Gold is a Mercedes McLaren going 350KM/H üèéüèéüèéüèé

#Bitcoin is a Bugatti going 
50KM/H at the start-line. 

The price of gold is Maxed out. #BTC is just getting started. 

Acceleration.",0,0,Ted_Bowser,37,1498523576932044803
302,Tue Mar 01 05:00:31 +0000 2022,Current #Bitcoin Price is $43321 #BTC #Crypto,0,0,IAmBitcoinBot,705,1498523556564504577
303,Tue Mar 01 05:00:24 +0000 2022,"#AirCoinDAOLabs
#AirCoin
#AirCash
#AirChain
@Aircoinreal

I can help you with nothing except make you rich all your life.
 Key to the door of wealth:
Contract address BSC
0xd8a2aE43Fd061d24acd538e3866Ffc2c05151b53
Buy $Air on https://t.co/x3XgXQwFBx 

#BTC #ETH #BNB #Solana https://t.co/M6lNlvp7rx",1,1,chacha65292536,640,1498523526084677633
304,Tue Mar 01 05:00:22 +0000 2022,You can do Cloud Mining using this site https://t.co/s0BP4mmTm6                            #mining #trxmining #money #earnmoney #register #bitcoin #ethereum #btc #eth #tronvex 2917,0,0,AdipatiGaluh1,2047,1498523517565825024
305,Tue Mar 01 05:00:18 +0000 2022,1 BTC Price: Bitstamp 43418.10 USD #BTC #Bitcoin 2022-03-01 00:00 https://t.co/SLREDtjNZ4,0,0,coinok,10318,1498523501028081664
306,Tue Mar 01 05:00:15 +0000 2022,"Bitcoin's market cap has flipped #Russia's ruble.
Up 25% over 4 days, #BTC current sits at $43k ($820 billion). Meanwhile, Central Bank of Russia hiked rates to 20% after $600 billion of foreign reserves frozen by unprecedented sanctions üòµ",0,0,col_jung,321,1498523489849864194
307,Tue Mar 01 05:00:15 +0000 2022,"You can become an AirCash platform merchant in just one step. First, log in to the AirCash platform with your wallet address: https://t.co/73WuZJqwPJ, and then mortgage 10 billion AirCoins on the platform, and you will automatically become a merchant.
@Aircoinreal #BTC https://t.co/boOMtxsZ7I",2,3,aircoin8889,118,1498523488310550533
308,Tue Mar 01 05:00:13 +0000 2022,"Tick tock.

The current block height is 725385.
The price of 1 #BTC is $43410.
Moscow time is 23:04.

Stats for the last hour:

- Number of blocks mined: 11
- Newly created coins: 68.75 BTC
- Number of transactions confirmed: 10487 https://t.co/6SpQbjEJT1",0,0,moscowtime_xyz,21,1498523481155280898
309,Tue Mar 01 05:00:13 +0000 2022,Show time subliminal message. What is this artists name. That's where we are headed. üß†üöÄüèûÔ∏è To a New World. $KDA #BTC https://t.co/d75gYyRtiF,1,0,KADENAFAM,1543,1498523480928702464
310,Tue Mar 01 05:00:07 +0000 2022,"Predictions in progress
[Position] Current Profit(USDT)
#BTC [Long ] +23.90
#ETH      [Short] -21.36
#BNB [Long ]+55.50
#ADA     [Short]  +5.00
#LUNA   [Long ]  +1.60
#XRP     [Short]  -15.00
#SOL     [Short]  -33.00

#Binance
https://t.co/hlcM7LCbXN",0,0,cryptojohnsmith,1994,1498523456245493760
311,Tue Mar 01 05:00:07 +0000 2022,"strategy: 5010HL1h atr20d: 2558.27

01 Mar 2022 05:00:06 UTC
üçèüá± 'Long' 14:00:06 JST
 &gt;  43342.5  last_price $BTC/USD
--- 41014.5  exit_trigger (ent: 39879.5)
--- 36964.5  short_entry_trigger

#BTC/USD perpetual contract on #BitMEX",0,0,cRe5520,216,1498523452885635077
312,Tue Mar 01 05:00:06 +0000 2022,"This project stands out from others for its realism and excellent qualities of the team, which is focused on achieving real results.I am confident in the success of this project!

@11MinutesNFT #11MINUTES #BTC #CRYPTO",0,0,cangkeman_wae,13043,1498523450255634433
313,Tue Mar 01 05:00:03 +0000 2022,"Bitcoin - BTC
Price: $43,321.12
Change in 1h: +0.49144097%
Market cap: $821,849,007,546.76
Ranking: 1
#Bitcoin #BTC",1,0,topcryptostats,4611,1498523437924438023
314,Tue Mar 01 05:00:02 +0000 2022,"To succeed with your #crypto #portfolio, buy #ADA , #XLM , #XEM , #ZIL, #MANA and #TRX. We had better performance with this crypto than #BTC (up 1000% in 2 years). It's still time to jump on it.#Cardano was 10 times more successfull than #BTC the last year https://t.co/FTQEKAXTDM",0,0,thirdbrainfx,26959,1498523434137104387
315,Tue Mar 01 05:00:02 +0000 2022,"Crypto Update üôÉ

#BTC 43321.12üü¢
#ETH 2924.682üü¢
#Doge 0.1329651üü¢
#Link 15.075075üü¢

#rookieinvestor #finance #cryptocurrency #investing",0,0,Ro_Investor,64,1498523431935123457
316,Tue Mar 01 05:00:00 +0000 2022,"Top 10 #Cryptocurrency Live Prices: 
(12:00 AM . Mar 01,2022)

#BTC $43321.12
#ETH $2924.68
#BNB $396.01
#DOGE $0.13
#SHIB $0.0000258732
#AXS $54.69
#MANA $2.82
#UNI $10.44
#GM $0.0000346453
#KISHU $0.0000000016

Comments! Which coins would like to be listed?",0,0,dll_io,768,1498523424389480452
317,Tue Mar 01 04:59:57 +0000 2022,"#Bitcoin Rises Despite Geopolitical Tensions. A net $36 million went into digital-asset funds last week.
#fiboqube #crypto #binancefutures #btc #signals #trading #bitcoin  $PTS #protostar https://t.co/nXLaSn4A9c",0,250,fiboqube,2398,1498523412154699780
318,Tue Mar 01 04:59:20 +0000 2022,"This is a massive project with a huge opportunity but there is not much doubt that their target will be reached. I'm very interested in them and look forward 
#11MINUTES #BTC #CRYPTO",0,0,Cekguku,1828,1498523256152035329
319,Tue Mar 01 04:59:19 +0000 2022,bear trap or r we really moving? #BTC,0,3,DogePilot2,817,1498523252645376000
320,Tue Mar 01 04:59:17 +0000 2022,"JUST REMEMBER GUYS I WILL NOT DM FIRST!!!

@ETHFanToken
@DelCrxpto $EFT
#ETHFANTOKEN
#ETHFANECOSYSTEM
#EFTBURN
#EFTFAM
#crypto
#binance
#Bitstamp
#BTC
#BNB 
#ETH 
#BSC",3,6,crypto_hass,635,1498523246765002756
321,Tue Mar 01 04:59:10 +0000 2022,"Bitcoin Average RSI is 65 ~ Neutral
Current Price: $43,376

#Bitcoin #BTC #RsiBitcoin $BTC https://t.co/4EXbi8RfNJ",0,0,RsiBitcoin,189,1498523217513918465
322,Tue Mar 01 04:59:09 +0000 2022,"Top 5 #crypto prices with 24h change:

#BTC #ETH #BNB #XRP #LUNA 

üü¢ $BTC $43336.5 (14.63%)
üü¢ $ETH $2925.04 (12.11%)
üü¢ $BNB $396.3 (9.60%)
üü¢ $XRP $0.7767 (7.94%)
üü¢ $LUNA $89.14 (25.67%)

Do you #hodl any of these coins?",0,0,crypto_whispers,2411,1498523211092447232
323,Tue Mar 01 04:59:08 +0000 2022,Will #btc touch 45k by today?,0,1,BhowmikSinha,6,1498523208282443777
324,Tue Mar 01 04:59:01 +0000 2022,"#AirCoinDAOLabs #Aircoin #Aircash #AirChain 

üéâüéâüéâToday binance officially reported AIRCASHüëèüëèüëè

https://t.co/0c44Bkvqd9

 #BTCÔøº #ETH #BNBÔøº #OKXÔøº #SolanaÔøº #BinanceÔøº #Coinbase #CoinMasterspins #CoinGecko https://t.co/HT64rmMmF7",2,2,baihehua11,295,1498523177592717314
325,Tue Mar 01 04:59:00 +0000 2022,"Russia May Use Cryptocurrency To Try And Evade Sanctions‚ÄîBut Here‚Äôs Why That Will Be Hard
https://t.co/8Ms7xbaevU
#BTC #BNB #BSC #Binance #Crypto #Cryptocurrency #Blockchain #NFT #NFTs #Cryptopedia #DeFi https://t.co/6DnCtCyukU",0,2,cryptopediaK7,13873,1498523172609544193
326,Tue Mar 01 04:58:46 +0000 2022,"Claim $MARIO Airdrop!
https://t.co/CJAGHElO2X

Don't hesitate to buy a mario token to make a bigger profit when listing in the market

‚ö°Name- https://t.co/67YxgvhMGD
‚ö°Sym- MARIO
‚ö°Dec- 18
‚ö°Adds- 0x19bF6dcD79A63F6A8da170E87d2B70A0c5993203 

#bsc #bnb #BTC #shib #ETH #catecoin https://t.co/62ZvbD8dEE",0,1,UncleDripOz,44,1498523115059482625
327,Tue Mar 01 04:58:45 +0000 2022,"Follow | like | comments | 
.
.
.
.
#nft #eth #btc #bitcoin #solana  #mana #matic #cryptoworld #blockchainmining #cryptoinvestor #cryptoinvesting #cryptotrade #blockchainart #blockchaindevelopers #cryptomarket #cryptomoney #blockchaincommunity #cryptocurrencys https://t.co/JWMSHJb0JI",0,0,best_nft_info,0,1498523109561081861
328,Tue Mar 01 04:58:38 +0000 2022,"Check New Signal/Post On Crypto Guider Telegram, 

Visit Now üëâ https://t.co/UKQABc0o0G

- - -

#bitcoin #Signal #tradingsignals #BTC #Crypto #trading #NFTs #100xgem #Cryptonews #CryptoSignals #Binance
$BTC $ETH $XRP $USDT $MANA $LTC $SOL $BNB $XLM $ADA $TRX $XTZ $LINK",0,0,CryptoGuider_In,250,1498523082516017152
329,Tue Mar 01 04:58:24 +0000 2022,#BTC has risen by 18.05% in the last week. The price is currently $43310.98.,0,0,BitCoinAlertBot,353,1498523023992934400
330,Tue Mar 01 04:58:14 +0000 2022,"Follow | like | comments | 
.
.
.
.
#nft #eth #btc #bitcoin #solana  #mana #matic #cryptoworld #blockchainmining #cryptoinvestor #cryptoinvesting #cryptotrade #blockchainart #blockchaindevelopers #cryptomarket #cryptomoney #blockchaincommunity #cryptocurrencys https://t.co/YzJsMdBpQ6",0,0,best_cryptoInfo,1,1498522979407659008
331,Tue Mar 01 04:58:13 +0000 2022,"What a morning, $6k rise in 6 hours for #btc surpassing Russian ruble's total market cap! https://t.co/THdmsdUv8x",1,6,FPLGOAT7,42291,1498522978560069637
332,Tue Mar 01 04:58:06 +0000 2022,"#Ethereum #BTC #DOGE Why Bitcoin, Ethereum, and Dogecoin Are Spiking This Morning https://t.co/jWGPNL72iU",0,0,bitcoinpressuk,837,1498522945697705984
333,Tue Mar 01 04:58:02 +0000 2022,"The latest #bitcoin block 725384 with 1716 transactions was just mined by Foundry USA
Total Fees:0.05779153
Block Subsidy:6.25
#Bitcoin #BTC #blockchain #analysis",0,0,CmoBitcoin,310,1498522931919532036
334,Tue Mar 01 04:58:02 +0000 2022,Buying #Bitcoin¬† = Buying Freedom agree? #BTC,0,1,WereBearNFT,187,1498522930522828807
335,Tue Mar 01 04:57:44 +0000 2022,"#BTC UPDATE
$45k - $53k are our main resistance areas üëÄ 
with $36k- $29k been our supporting area.
 üö® üö®üö®

#btc #cryptotrading",1,2,Gayu_Jnr,4961,1498522855000190977
336,Tue Mar 01 04:57:43 +0000 2022,You can do Cloud Mining using this site https://t.co/smJ4fHaQNP #mining #trxmining #money #earnmoney #register #bitcoin #ethereum #btc #eth #tronvex 4107,0,0,Suyan29832495,0,1498522848906072065
337,Tue Mar 01 04:57:37 +0000 2022,"Bitcoin or Blue Sparrow ?!
I wish it was not too late to recognize this token!
I hope all buy this token on the floor

Is BlauSparo an opportunity for those who were left behind to buy bitcoins in previous years ?!

#Btc #ÿ®ŸÑŸàÿßÿ≥Ÿæÿßÿ±Ÿà #bluesparrow #BlueSparrowtoken
#shannonbray https://t.co/f7Ffr5R80L",1,0,m4hdi_blue,96,1498522826009153537
338,Tue Mar 01 04:57:37 +0000 2022,"Crypto is never late, nor is it early: it‚Äôs precisely on time. #cryptocurrency #crypto #Bitcoin #btc",0,0,Yannis_sp,475,1498522825250029571
339,Tue Mar 01 04:57:37 +0000 2022,"The Fed‚Äôs real Bitcoin is the originator of Crypto and a barometer of the market. We compare the market value of Bitcoin and the internal indicators of Crypto .
#BTC #Cryptos #coinbasewallet https://t.co/try2r69Wyn",0,0,anukapoor75_anu,0,1498522824931446784
340,Tue Mar 01 04:57:25 +0000 2022,"The $BTC price is at $43,386.22 right now.
üü¢ Compared to the last tweet, the price has increased by $128.7 (0.30%).
üü¢ In the last 24 hours the price has increased by $5,597.08 (14.81%).

#Bitcoin #BTC https://t.co/4dquoD4Nlz",0,2,Bitcoin8News,4611,1498522774909956097
341,Tue Mar 01 04:57:19 +0000 2022,"Potential trade signal:

Is BithumbGlobal's Tweet profitable?

I don't know, but you could have traded this tweet's crypto: #BTC with Lazy Trade at the touch of a button

üöÄ https://t.co/TK7nLMSydV üöÄ

https://t.co/1fzv70EriT https://t.co/c3GpxKnK1T",0,0,LazyTrade_bot,272,1498522749064593410
342,Tue Mar 01 04:57:14 +0000 2022,"GUYS I HAVE NOW CHANGED MY FONT TO THIS, IF SOMEONE DM'S YOU WITH A SIMILAR USERNAME IT IS NOT ME AS I DO NOT PERSONALLY DM PEOPLE

@ETHFanToken
@DelCrxpto $EFT
#ETHFANTOKEN
#ETHFANECOSYSTEM
#EFTBURN
#EFTFAM
#crypto
#binance
#Bitstamp
#BTC
#BNB 
#ETH 
#BSC https://t.co/ZdcryY7mg5",4,10,crypto_hass,635,1498522729007534084
343,Tue Mar 01 04:57:00 +0000 2022,$FTM #FTM #Fantom Broken out of the falling trendline resistance. #RSI is encouraging and #OBV is also stronger. Volume is decent enough to take it higher. Can expect a good move as long as #BTC stays good. #HODL Volume profile indicates a strong support and RR looks very good. https://t.co/aMEeBI8idc,0,2,Joejeyaraj,365,1498522670232649733
344,Tue Mar 01 04:56:48 +0000 2022,"I was laid off due to the pandemic Im in such a bad situation that I can't even pay my rent.Could you please check my NFT posts?0xfd33693d1c7edad6cdf415ffdceb4d248074290e https://t.co/io50BRLsKu
#NFT #NFTs #DeFi #Binance #btc #Bitcoin #NFTCommunity #nftcollector  #WWIII #Airdrop",0,4,wakabayaah,36,1498522619703869440
345,Tue Mar 01 04:56:44 +0000 2022,"Too Far Gone üí£üí£ by @SirSly
#NFTCommunity #NFTGiveaway
#music #photography #nftcollectors
#Japan #Ethereum #artTANK
#CleanNFT #btc #BNB
#indiedev #indie 

https://t.co/mgY7Pr3qBX",1,4,Musictreez,151,1498522604495425541
346,Tue Mar 01 04:56:44 +0000 2022,"„ÄêBTCUSD, Daily„Äë#BTC #Bitcoin #cryptocurrencies #XAUUSD #GOLD
#USDJPY #EURUSD #GBPUSD #EURJPY #SHB #Shiba #XRP #Ripple #Dogecoin #DOG #SHBUSD #DOGUSD #ETH #Ethereum  #„Éì„ÉÉ„Éà„Ç≥„Ç§„É≥ #‰ªÆÊÉ≥ÈÄöË≤® #ÊöóÂè∑ÈÄöË≤® #ÊöóÂè∑Ë≥áÁî£ https://t.co/SJWwGeeBnD",0,2,FX37715131,1013,1498522601484066816
347,Tue Mar 01 04:56:35 +0000 2022,[BTCUSDT - WEEK] #BTC #BTCUSDT #BINANCE #BTCUSD #CRYPTO #BITFINEX #BITCOINGRAPHIC #OKEX #ETH #ETHEREUM #ETHUSDT #CHZUSDT https://t.co/QX1nk1gwxW,0,0,bitcoingraph,769,1498522565593251848
348,Tue Mar 01 04:56:25 +0000 2022,"#ARK and #BTC scam powered by @YouTube @TeamYouTube @Namecheap 
https://t.co/bFt8saCdAT
https://t.co/b6ccC78Dws

channel
https://t.co/0RXG8e3ZSv",0,0,sodinokibi,292,1498522523733950467
349,Tue Mar 01 04:56:11 +0000 2022,Any user and business will be able to take advantage of digital currency! #Orijin #Polygon #IDO #BSC #Eth #BTC #Airdrop #DeFi #Launchpad,0,0,akash6516,5505,1498522463168532481
